Date/Time,Year,Month,Day,Time,Temp (C),Temp Flag,Dew Point Temp (°C),Dew Point Temp Flag,Rel Hum (%),Rel Hum Flag,Wind Dir (10s deg),Wind Dir Flag,Wind Spd (km/h),Wind Spd Flag,Visibility (km),Visibility Flag,Stn Press (kPa),Stn Press Flag,Hmdx,Hmdx Flag,Wind Chill,Wind Chill Flag,Weather
3/1/2012 0:00,2012,3,1,0:00,-5.5,,-9.7,,72,,5,,24,,4,,100.97,,,,-13,,Snow
3/1/2012 1:00,2012,3,1,1:00,-5.7,,-8.7,,79,,6,,26,,2.4,,100.87,,,,-13,,Snow
3/1/2012 2:00,2012,3,1,2:00,-5.4,,-8.3,,80,,5,,28,,4.8,,100.8,,,,-13,,Snow
3/1/2012 3:00,2012,3,1,3:00,-4.7,,-7.7,,79,,5,,28,,4,,100.69,,,,-12,,Snow
3/1/2012 4:00,2012,3,1,4:00,-5.4,,-7.8,,83,,5,,35,,1.6,,100.62,,,,-14,,Snow
3/1/2012 5:00,2012,3,1,5:00,-5.3,,-7.9,,82,,4,,33,,2.4,,100.58,,,,-14,,Snow
3/1/2012 6:00,2012,3,1,6:00,-5.2,,-7.8,,82,,5,,33,,4,,100.57,,,,-14,,Snow
3/1/2012 7:00,2012,3,1,7:00,-4.9,,-7.4,,83,,5,,30,,1.6,,100.59,,,,-13,,Snow
3/1/2012 8:00,2012,3,1,8:00,-5,,-7.5,,83,,5,,32,,1.2,,100.59,,,,-13,,Snow
3/1/2012 9:00,2012,3,1,9:00,-4.9,,-7.5,,82,,5,,32,,1.6,,100.6,,,,-13,,Snow
3/1/2012 10:00,2012,3,1,10:00,-4.7,,-7.3,,82,,5,,32,,1.2,,100.62,,,,-13,,Snow
3/1/2012 11:00,2012,3,1,11:00,-4.4,,-6.8,,83,,5,,28,,1,,100.66,,,,-12,,Snow
3/1/2012 12:00,2012,3,1,12:00,-4.3,,-6.8,,83,,5,,30,,1.2,,100.66,,,,-12,,Snow
3/1/2012 13:00,2012,3,1,13:00,-4.3,,-6.9,,82,,6,,28,,1.2,,100.65,,,,-12,,Snow
3/1/2012 14:00,2012,3,1,14:00,-3.9,,-6.6,,81,,6,,28,,1.2,,100.67,,,,-11,,Snow
3/1/2012 15:00,2012,3,1,15:00,-3.3,,-6.2,,80,,6,,24,,1.6,,100.71,,,,-10,,Snow
3/1/2012 16:00,2012,3,1,16:00,-2.7,,-5.7,,80,,7,,19,,2.4,,100.74,,,,-8,,Snow
3/1/2012 17:00,2012,3,1,17:00,-2.9,,-5.9,,80,,5,,20,,4,,100.8,,,,-9,,Snow
3/1/2012 18:00,2012,3,1,18:00,-3,,-6,,80,,6,,19,,4,,100.87,,,,-9,,Snow
3/1/2012 19:00,2012,3,1,19:00,-3.6,,-6.4,,81,,6,,17,,3.2,,100.93,,,,-9,,Snow
3/1/2012 20:00,2012,3,1,20:00,-3.7,,-6.4,,81,,6,,20,,4.8,,100.95,,,,-10,,Snow
3/1/2012 21:00,2012,3,1,21:00,-3.9,,-6.7,,81,,5,,22,,6.4,,100.98,,,,-10,,Snow
3/1/2012 22:00,2012,3,1,22:00,-4.3,,-6.9,,82,,5,,22,,2.4,,101,,,,-11,,Snow
3/1/2012 23:00,2012,3,1,23:00,-4.3,,-7.1,,81,,5,,22,,4.8,,101.04,,,,-11,,Snow
3/2/2012 0:00,2012,3,2,0:00,-4.8,,-7.3,,83,,4,,22,,3.2,,101.04,,,,-12,,Snow
3/2/2012 1:00,2012,3,2,1:00,-5.3,,-7.9,,82,,5,,20,,4.8,,101.09,,,,-12,,Snow
3/2/2012 2:00,2012,3,2,2:00,-5.2,,-7.8,,82,,4,,19,,6.4,,101.11,,,,-12,,Snow
3/2/2012 3:00,2012,3,2,3:00,-5.5,,-7.9,,83,,4,,19,,4.8,,101.15,,,,-12,,Snow
3/2/2012 4:00,2012,3,2,4:00,-5.6,,-8.2,,82,,5,,24,,6.4,,101.15,,,,-13,,Snow
3/2/2012 5:00,2012,3,2,5:00,-5.5,,-8.3,,81,,4,,19,,12.9,,101.15,,,,-12,,Snow
3/2/2012 6:00,2012,3,2,6:00,-5.6,,-8.6,,79,,3,,19,,16.1,,101.14,,,,-12,,Snow
3/2/2012 7:00,2012,3,2,7:00,-5.7,,-8.7,,79,,3,,22,,24.1,,101.17,,,,-13,,Cloudy
3/2/2012 8:00,2012,3,2,8:00,-5.7,,-8.8,,79,,3,,17,,24.1,,101.2,,,,-12,,Snow
3/2/2012 9:00,2012,3,2,9:00,-6.1,,-8.4,,84,,2,,13,,2,,101.19,,,,-11,,Snow
3/2/2012 10:00,2012,3,2,10:00,-5.9,,-8.3,,83,,1,,15,,4,,101.22,,,,-12,,Snow
3/2/2012 11:00,2012,3,2,11:00,-5.5,,-7.5,,86,,2,,15,,2.8,,101.21,,,,-11,,Snow
3/2/2012 12:00,2012,3,2,12:00,-5.2,,-7.1,,86,,3,,13,,2.4,,101.18,,,,-10,,"Freezing Drizzle,Snow"
3/2/2012 13:00,2012,3,2,13:00,-4.6,,-6.5,,87,,3,,13,,4.8,,101.09,,,,-10,,Snow
3/2/2012 14:00,2012,3,2,14:00,-4.1,,-6.1,,86,,3,,15,,8,,101.03,,,,-9,,Fog
3/2/2012 15:00,2012,3,2,15:00,-3.3,,-5.7,,83,,3,,15,,11.3,,100.98,,,,-8,,Cloudy
3/2/2012 16:00,2012,3,2,16:00,-2.9,,-5.3,,83,,3,,15,,11.3,,100.93,,,,-8,,Cloudy
3/2/2012 17:00,2012,3,2,17:00,-2.7,,-5.1,,84,,2,,15,,12.9,,100.89,,,,-8,,Cloudy
3/2/2012 18:00,2012,3,2,18:00,-2.4,,-4.8,,84,,4,,20,,12.9,,100.81,,,,-8,,Cloudy
3/2/2012 19:00,2012,3,2,19:00,-1.8,,-4.2,,84,,3,,17,,16.1,,100.75,,,,-7,,Cloudy
3/2/2012 20:00,2012,3,2,20:00,-2.3,,-4.7,,84,,3,,15,,16.1,,100.74,,,,-7,,Cloudy
3/2/2012 21:00,2012,3,2,21:00,-1.4,,-4,,82,,4,,15,,19.3,,100.62,,,,-6,,Cloudy
3/2/2012 22:00,2012,3,2,22:00,0.2,,-4.2,,72,,11,,13,,25,,100.49,,,,,,Cloudy
3/2/2012 23:00,2012,3,2,23:00,0.5,,-3.6,,74,,13,,17,,25,,100.29,,,,,,Cloudy
3/3/2012 0:00,2012,3,3,0:00,1,,-3.2,,73,,13,,22,,25,,100.12,,,,,,Cloudy
3/3/2012 1:00,2012,3,3,1:00,1.2,,-2.8,,75,,12,,19,,25,,99.96,,,,,,Snow
3/3/2012 2:00,2012,3,3,2:00,-0.6,,-2.9,,84,,9,,19,,2.4,,99.75,,,,-6,,Snow
3/3/2012 3:00,2012,3,3,3:00,-0.3,,-2.4,,86,,10,,22,,2.8,,99.55,,,,-6,,Snow
3/3/2012 4:00,2012,3,3,4:00,0.3,,-1.7,,86,,12,,24,,11.3,,99.4,,,,,,"Snow,Ice Pellets"
3/3/2012 5:00,2012,3,3,5:00,0.8,,-1.5,,85,,13,,41,,19.3,,99.18,,,,,,Cloudy
3/3/2012 6:00,2012,3,3,6:00,1.5,,-1.6,,80,,14,,43,,25,,99.02,,,,,,Mainly Clear
3/3/2012 7:00,2012,3,3,7:00,2,,-1.6,,77,,15,,41,,24.1,,98.89,,,,,,Mostly Cloudy
3/3/2012 8:00,2012,3,3,8:00,2.7,,-1.5,,74,,15,,32,,24.1,,98.79,,,,,,Mostly Cloudy
3/3/2012 9:00,2012,3,3,9:00,3,,-1,,75,,16,,37,,24.1,,98.7,,,,,,Cloudy
3/3/2012 10:00,2012,3,3,10:00,3.7,,0.4,,79,,21,,15,,24.1,,98.86,,,,,,Cloudy
3/3/2012 11:00,2012,3,3,11:00,4,,-0.7,,71,,23,,32,,24.1,,98.82,,,,,,Rain Showers
3/3/2012 12:00,2012,3,3,12:00,5.2,,-3,,55,,22,,37,,48.3,,98.82,,,,,,Mostly Cloudy
3/3/2012 13:00,2012,3,3,13:00,5.8,,-4,,49,,23,,50,,48.3,,98.73,,,,,,Mostly Cloudy
3/3/2012 14:00,2012,3,3,14:00,6.5,,-5.5,,42,,24,,48,,48.3,,98.68,,,,,,Mostly Cloudy
3/3/2012 15:00,2012,3,3,15:00,5.3,,-5.6,,45,,23,,57,,24.1,,98.67,,,,,,Mostly Cloudy
3/3/2012 16:00,2012,3,3,16:00,5,,-5,,48,,23,,63,,48.3,,98.67,,,,,,Mainly Clear
3/3/2012 17:00,2012,3,3,17:00,4.3,,-4.9,,51,,23,,57,,48.3,,98.71,,,,,,Mainly Clear
3/3/2012 18:00,2012,3,3,18:00,3.7,,-4.3,,56,,23,,48,,25,,98.82,,,,,,Mostly Cloudy
3/3/2012 19:00,2012,3,3,19:00,3.4,,-4,,58,,23,,44,,25,,98.92,,,,,,Mainly Clear
3/3/2012 20:00,2012,3,3,20:00,3.2,,-3.9,,60,,22,,50,,25,,98.96,,,,,,Mainly Clear
3/3/2012 21:00,2012,3,3,21:00,2.9,,-3.6,,62,,23,,46,,25,,98.98,,,,,,Snow
3/3/2012 22:00,2012,3,3,22:00,2.8,,-3.4,,64,,24,,57,,25,,99.07,,,,,,Snow
3/3/2012 23:00,2012,3,3,23:00,2.3,,-3.1,,67,,25,,33,,25,,99.18,,,,,,Snow
3/4/2012 0:00,2012,3,4,0:00,0.5,,-4.8,,68,,28,,32,,25,,99.34,,,,,,Mostly Cloudy
3/4/2012 1:00,2012,3,4,1:00,-0.8,,-6,,68,,27,,24,,25,,99.46,,,,-7,,Mostly Cloudy
3/4/2012 2:00,2012,3,4,2:00,-1.8,,-7.8,,64,,27,,26,,25,,99.56,,,,-8,,Mostly Cloudy
3/4/2012 3:00,2012,3,4,3:00,-2.1,,-8.2,,63,,27,,19,,25,,99.63,,,,-8,,Mostly Cloudy
3/4/2012 4:00,2012,3,4,4:00,-2.9,,-9,,63,,30,,20,,25,,99.7,,,,-9,,Mostly Cloudy
3/4/2012 5:00,2012,3,4,5:00,-4.3,,-10.5,,62,,32,,19,,25,,99.77,,,,-10,,Cloudy
3/4/2012 6:00,2012,3,4,6:00,-4.8,,-11.6,,59,,28,,17,,25,,99.84,,,,-11,,Mostly Cloudy
3/4/2012 7:00,2012,3,4,7:00,-5.7,,-12.6,,58,,29,,22,,24.1,,99.88,,,,-13,,Mostly Cloudy
3/4/2012 8:00,2012,3,4,8:00,-5.9,,-13.8,,54,,27,,13,,24.1,,99.97,,,,-11,,Mostly Cloudy
3/4/2012 9:00,2012,3,4,9:00,-6.3,,-13.5,,57,,30,,15,,24.1,,99.95,,,,-12,,Cloudy
3/4/2012 10:00,2012,3,4,10:00,-6.3,,-13.5,,57,,27,,17,E,24.1,,99.95,,,,-13,E,Cloudy
3/4/2012 11:00,2012,3,4,11:00,-6.5,,-14,,55,,29,,17,,24.1,,99.96,,,,-13,,Cloudy
3/4/2012 12:00,2012,3,4,12:00,-5.8,,-12.9,,57,,28,,19,,48.3,,99.95,,,,-12,,Mostly Cloudy
3/4/2012 13:00,2012,3,4,13:00,-5.5,,-12.8,,56,,28,,19,,48.3,,99.88,,,,-12,,Mainly Clear
3/4/2012 14:00,2012,3,4,14:00,-5.7,,-13.4,,55,,28,,19,,48.3,,99.9,,,,-12,,Mostly Cloudy
3/4/2012 15:00,2012,3,4,15:00,-5.6,,-13.5,,54,,27,,22,,48.3,,99.9,,,,-13,,Mostly Cloudy
3/4/2012 16:00,2012,3,4,16:00,-5.5,,-13.3,,54,,27,,20,,48.3,,99.93,,,,-12,,Mainly Clear
3/4/2012 17:00,2012,3,4,17:00,-6.9,,-14.6,,54,,28,,22,,48.3,,99.94,,,,-14,,Mainly Clear
3/4/2012 18:00,2012,3,4,18:00,-7.9,,-15.7,,53,,27,,28,,25,,100.04,,,,-17,,Mainly Clear
3/4/2012 19:00,2012,3,4,19:00,-7.9,,-15.5,,54,,27,,22,,25,,100.09,,,,-16,,Mostly Cloudy
3/4/2012 20:00,2012,3,4,20:00,-8.5,,-14.6,,61,,28,,24,,25,,100.13,,,,-17,,Cloudy
3/4/2012 21:00,2012,3,4,21:00,-9,,-13.7,,69,,27,,15,,25,,100.18,,,,-16,,Snow Showers
3/4/2012 22:00,2012,3,4,22:00,-10.1,,-15.5,,65,,29,,17,,25,,100.21,,,,-17,,Cloudy
3/4/2012 23:00,2012,3,4,23:00,-11.1,,-16.3,,65,,27,,24,,25,,100.23,,,,-20,,Mostly Cloudy
3/5/2012 0:00,2012,3,5,0:00,-12.4,,-17.4,,66,,27,,19,,25,,100.26,,,,-21,,Mainly Clear
3/5/2012 1:00,2012,3,5,1:00,-13.6,,-18.5,,66,,27,,24,,25,,100.33,,,,-23,,Mainly Clear
3/5/2012 2:00,2012,3,5,2:00,-14.5,,-22.3,,52,,27,,24,,25,,100.39,,,,-24,,Clear
3/5/2012 3:00,2012,3,5,3:00,-15,,-21.5,,58,,27,,22,,25,,100.47,,,,-25,,Clear
3/5/2012 4:00,2012,3,5,4:00,-15.5,,-21.9,,58,,27,,26,,25,,100.55,,,,-26,,Clear
3/5/2012 5:00,2012,3,5,5:00,-15.9,,-22.1,,59,,26,,20,,25,,100.69,,,,-25,,Clear
3/5/2012 6:00,2012,3,5,6:00,-16.2,,-22.6,,58,,26,,26,,24.1,,100.77,,,,-27,,Mostly Cloudy
3/5/2012 7:00,2012,3,5,7:00,-16.2,,-22.3,,59,,27,,22,,24.1,,100.88,,,,-26,,Mostly Cloudy
3/5/2012 8:00,2012,3,5,8:00,-15.7,,-22.5,,56,,27,,24,,24.1,,101,,,,-26,,Mostly Cloudy
3/5/2012 9:00,2012,3,5,9:00,-15.1,,-22.1,,55,,27,,24,,24.1,,101.11,,,,-25,,Mostly Cloudy
3/5/2012 10:00,2012,3,5,10:00,-14.4,,-21.5,,55,,27,,26,,24.1,,101.21,,,,-25,,Mostly Cloudy
3/5/2012 11:00,2012,3,5,11:00,-13.4,,-20.7,,54,,27,,26,,48.3,,101.31,,,,-23,,Mostly Cloudy
3/5/2012 12:00,2012,3,5,12:00,-12.2,,-19.9,,53,,27,,6,,48.3,,101.39,,,,-16,,Mostly Cloudy
3/5/2012 13:00,2012,3,5,13:00,-11.3,,-19.5,,51,,27,,24,,48.3,,101.46,,,,-20,,Mostly Cloudy
3/5/2012 14:00,2012,3,5,14:00,-10.8,,-19.8,,47,,25,,28,,48.3,,101.55,,,,-20,,Mostly Cloudy
3/5/2012 15:00,2012,3,5,15:00,-10,,-18.6,,49,,24,,30,,48.3,,101.64,,,,-20,,Mostly Cloudy
3/5/2012 16:00,2012,3,5,16:00,-9.9,,-18.9,,48,,25,,26,,48.3,,101.73,,,,-19,,Mostly Cloudy
3/5/2012 17:00,2012,3,5,17:00,-9.5,,-18.8,,47,,25,,24,,48.3,,101.82,,,,-18,,Mainly Clear
3/5/2012 18:00,2012,3,5,18:00,-9.8,,-19,,47,,25,,22,,25,,101.9,,,,-18,,Mainly Clear
3/5/2012 19:00,2012,3,5,19:00,-10.1,,-19.1,,48,,26,,20,,25,,102.01,,,,-18,,Clear
3/5/2012 20:00,2012,3,5,20:00,-10.5,,-19.2,,49,,27,,17,,25,,102.11,,,,-18,,Mainly Clear
3/5/2012 21:00,2012,3,5,21:00,-11,,-19.6,,49,,27,,17,,25,,102.23,,,,-18,,Clear
3/5/2012 22:00,2012,3,5,22:00,-11.6,,-20.2,,49,,28,,15,,25,,102.29,,,,-19,,Clear
3/5/2012 23:00,2012,3,5,23:00,-12.6,,-20.3,,53,,28,,11,,25,,102.34,,,,-19,,Clear
3/6/2012 0:00,2012,3,6,0:00,-13.4,,-20.5,,55,,29,,11,,25,,102.41,,,,-20,,Clear
3/6/2012 1:00,2012,3,6,1:00,-13.4,,-20.3,,56,,29,,11,,25,,102.5,,,,-20,,Clear
3/6/2012 2:00,2012,3,6,2:00,-13.7,,-20.7,,55,,25,,4,,25,,102.55,,,,-16,,Clear
3/6/2012 3:00,2012,3,6,3:00,-14.8,,-21.1,,59,,27,,9,,25,,102.61,,,,-21,,Clear
3/6/2012 4:00,2012,3,6,4:00,-14.5,,-21.1,,57,,28,,9,,25,,102.7,,,,-20,,Clear
3/6/2012 5:00,2012,3,6,5:00,-14.6,,-21,,58,,28,,13,,25,,102.85,,,,-22,,Clear
3/6/2012 6:00,2012,3,6,6:00,-15.3,,-21.3,,60,,28,,11,,24.1,,102.9,,,,-22,,Clear
3/6/2012 7:00,2012,3,6,7:00,-14.8,,-20.7,,61,,26,,11,,48.3,,103,,,,-21,,Clear
3/6/2012 8:00,2012,3,6,8:00,-13,,-19.4,,59,,,,0,,48.3,,103.06,,,,,,Clear
3/6/2012 9:00,2012,3,6,9:00,-11.3,,-19.1,,52,,25,,6,,48.3,,103.1,,,,-15,,Clear
3/6/2012 10:00,2012,3,6,10:00,-10,,-16.8,,57,,20,,9,,48.3,,103.12,,,,-15,,Mainly Clear
3/6/2012 11:00,2012,3,6,11:00,-9,,-17.8,,49,,22,,15,,48.3,,103.12,,,,-16,,Mainly Clear
3/6/2012 12:00,2012,3,6,12:00,-7.8,,-15.3,,55,,22,,13,,48.3,,103.09,,,,-14,,Mainly Clear
3/6/2012 13:00,2012,3,6,13:00,-6.7,,-16,,48,,21,,9,,48.3,,103.01,,,,-11,,Mainly Clear
3/6/2012 14:00,2012,3,6,14:00,-5.8,,-15.8,,45,,22,,9,,48.3,,102.98,,,,-10,,Mainly Clear
3/6/2012 15:00,2012,3,6,15:00,-5.3,,-15.7,,44,,19,,6,,48.3,,102.96,,,,-8,,Mainly Clear
3/6/2012 16:00,2012,3,6,16:00,-4.9,,-16.2,,41,,22,,11,,48.3,,102.94,,,,-9,,Mainly Clear
3/6/2012 17:00,2012,3,6,17:00,-4.8,,-15.1,,44,,17,,6,,48.3,,102.9,,,,-8,,Mainly Clear
3/6/2012 18:00,2012,3,6,18:00,-6.3,,-14.6,,52,,12,,6,,48.3,,102.84,,,,-9,,Mainly Clear
3/6/2012 19:00,2012,3,6,19:00,-5.4,,-13.4,,53,,11,,11,,25,,102.81,,,,-10,,Mostly Cloudy
3/6/2012 20:00,2012,3,6,20:00,-5.3,,-13.6,,52,,9,,9,,25,,102.72,,,,-9,,Mainly Clear
3/6/2012 21:00,2012,3,6,21:00,-5.4,,-14.4,,49,,10,,9,,25,,102.69,,,,-9,,Mostly Cloudy
3/6/2012 22:00,2012,3,6,22:00,-5,,-15.1,,45,,8,,9,,25,,102.59,,,,-9,,Mostly Cloudy
3/6/2012 23:00,2012,3,6,23:00,-4.5,,-15.7,,41,,5,,6,,25,,102.55,,,,-7,,Mostly Cloudy
3/7/2012 0:00,2012,3,7,0:00,-3.6,,-13.3,,47,,9,,6,,25,,102.44,,,,-6,,Mostly Cloudy
3/7/2012 1:00,2012,3,7,1:00,-3.9,,-11.3,,56,,1,,9,,25,,102.46,,,,-8,,Mostly Cloudy
3/7/2012 2:00,2012,3,7,2:00,-5.7,,-11.9,,62,,3,,17,,25,,102.37,,,,-12,,Cloudy
3/7/2012 3:00,2012,3,7,3:00,-5.3,,-11.6,,61,,4,,13,,25,,102.22,,,,-10,,Cloudy
3/7/2012 4:00,2012,3,7,4:00,-5.2,,-11.2,,63,,3,,15,,25,,102.16,,,,-11,,Cloudy
3/7/2012 5:00,2012,3,7,5:00,-5.3,,-11.2,,63,,1,,17,,25,,102.13,,,,-11,,Mostly Cloudy
3/7/2012 6:00,2012,3,7,6:00,-4.3,,-10.3,,63,,3,,15,,24.1,,101.98,,,,-10,,Cloudy
3/7/2012 7:00,2012,3,7,7:00,-3.9,,-9.2,,67,,2,,11,,48.3,,101.92,,,,-8,,Cloudy
3/7/2012 8:00,2012,3,7,8:00,-4.6,,-9.5,,69,,1,,11,,48.3,,101.91,,,,-9,,Mostly Cloudy
3/7/2012 9:00,2012,3,7,9:00,-2.5,,-7.7,,67,,35,,11,,24.1,,101.85,,,,-7,,Clear
3/7/2012 10:00,2012,3,7,10:00,-0.1,,-6.5,,62,,36,,6,,24.1,,101.76,,,,-2,,Clear
3/7/2012 11:00,2012,3,7,11:00,3,,-4.7,,57,,36,,6,,24.1,,101.67,,,,,,Mainly Clear
3/7/2012 12:00,2012,3,7,12:00,6.4,,-3.6,,49,,13,,4,,24.1,,101.58,,,,,,Mainly Clear
3/7/2012 13:00,2012,3,7,13:00,8.9,,-4.4,,39,,19,,13,,24.1,,101.49,,,,,,Mainly Clear
3/7/2012 14:00,2012,3,7,14:00,9.3,,-4.1,,39,,20,,13,,24.1,,101.41,,,,,,Mainly Clear
3/7/2012 15:00,2012,3,7,15:00,9.7,,-2.7,,42,,19,,13,,24.1,,101.36,,,,,,Mainly Clear
3/7/2012 16:00,2012,3,7,16:00,11.4,,-2.3,,38,,20,,15,,24.1,,101.31,,,,,,Mostly Cloudy
3/7/2012 17:00,2012,3,7,17:00,9.9,,-1.9,,44,,21,,9,,24.1,,101.25,,,,,,Mostly Cloudy
3/7/2012 18:00,2012,3,7,18:00,5.5,,-1.6,,60,,14,,7,,24.1,,101.25,,,,,,Mainly Clear
3/7/2012 19:00,2012,3,7,19:00,6,,-1.8,,57,,15,,11,,25,,101.22,,,,,,Mostly Cloudy
3/7/2012 20:00,2012,3,7,20:00,7.6,,-2.1,,50,,18,,20,,25,,101.18,,,,,,Mostly Cloudy
3/7/2012 21:00,2012,3,7,21:00,6.8,,-2.1,,53,,17,,22,,25,,101.16,,,,,,Mostly Cloudy
3/7/2012 22:00,2012,3,7,22:00,6,,-1.7,,58,,15,,17,,25,,101.12,,,,,,Cloudy
3/7/2012 23:00,2012,3,7,23:00,4.8,,-1.7,,63,,16,,15,,25,,101.05,,,,,,Cloudy
3/8/2012 0:00,2012,3,8,0:00,6.2,,-1.5,,58,,16,,20,,25,,100.98,,,,,,Cloudy
3/8/2012 1:00,2012,3,8,1:00,5.5,,-1.4,,61,,15,,11,,25,,100.92,,,,,,Cloudy
3/8/2012 2:00,2012,3,8,2:00,7.9,,-1.2,,53,,18,,17,,25,,100.81,,,,,,Mostly Cloudy
3/8/2012 3:00,2012,3,8,3:00,10.1,,-0.9,,46,,20,,24,,25,,100.69,,,,,,Mostly Cloudy
3/8/2012 4:00,2012,3,8,4:00,10,,-0.7,,47,,19,,28,,25,,100.64,,,,,,Mostly Cloudy
3/8/2012 5:00,2012,3,8,5:00,5.7,,-0.8,,63,,16,,19,,25,,100.57,,,,,,Mostly Cloudy
3/8/2012 6:00,2012,3,8,6:00,7.6,,-0.4,,57,,17,,19,,24.1,,100.52,,,,,,Cloudy
3/8/2012 7:00,2012,3,8,7:00,10.3,,0.8,,52,,19,,26,,48.3,,100.47,,,,,,Cloudy
3/8/2012 8:00,2012,3,8,8:00,6.7,,0.2,,63,,16,,19,,48.3,,100.39,,,,,,Cloudy
3/8/2012 9:00,2012,3,8,9:00,10.2,,1.6,,55,,18,,26,,48.3,,100.29,,,,,,Cloudy
3/8/2012 10:00,2012,3,8,10:00,12.1,,2.9,,53,,19,,30,,24.1,,100.22,,,,,,Cloudy
3/8/2012 11:00,2012,3,8,11:00,12.7,,3.8,,55,,20,,26,,24.1,,100.13,,,,,,Cloudy
3/8/2012 12:00,2012,3,8,12:00,11.7,,4,,59,,22,,20,,24.1,,100.08,,,,,,Rain
3/8/2012 13:00,2012,3,8,13:00,11.5,,5.2,,65,,21,,20,,24.1,,99.99,,,,,,Cloudy
3/8/2012 14:00,2012,3,8,14:00,11.7,,5.9,,68,,23,,26,,24.1,,99.88,,,,,,Cloudy
3/8/2012 15:00,2012,3,8,15:00,11.7,,6.6,,71,,23,,37,,19.3,,99.82,,,,,,Rain
3/8/2012 16:00,2012,3,8,16:00,11.6,,6.4,,70,,22,,32,,24.1,,99.75,,,,,,Rain
3/8/2012 17:00,2012,3,8,17:00,11.3,,6.9,,74,,23,,37,,19.3,,99.66,,,,,,Rain
3/8/2012 18:00,2012,3,8,18:00,10.5,,7.8,,83,,25,,46,,6.4,,99.64,,,,,,Rain
3/8/2012 19:00,2012,3,8,19:00,6.1,,3.2,,82,,27,,30,,16.1,,99.78,,,,,,Rain
3/8/2012 20:00,2012,3,8,20:00,5,,1.6,,79,,25,,41,,25,,99.9,,,,,,Rain
3/8/2012 21:00,2012,3,8,21:00,3.7,,1,,82,,24,,41,,12.9,,100.04,,,,,,Rain
3/8/2012 22:00,2012,3,8,22:00,2,,-0.5,,83,,25,,46,,9.7,,100.13,,,,,,"Rain,Fog"
3/8/2012 23:00,2012,3,8,23:00,0.8,,-1.4,,85,,26,,35,,2.4,,100.25,,,,,,Snow
3/9/2012 0:00,2012,3,9,0:00,-0.1,,-2,,87,,27,,28,,2.8,,100.33,,,,-6,,Snow
3/9/2012 1:00,2012,3,9,1:00,0,,-3.7,,76,,28,,22,,25,,100.41,,,,-6,,Mostly Cloudy
3/9/2012 2:00,2012,3,9,2:00,-1.2,,-6.6,,67,,31,,20,,25,,100.62,,,,-7,,Mainly Clear
3/9/2012 3:00,2012,3,9,3:00,-2.6,,-8.5,,64,,31,,24,,25,,100.81,,,,-9,,Mainly Clear
3/9/2012 4:00,2012,3,9,4:00,-3.9,,-8.7,,69,,29,,11,,25,,100.97,,,,-8,,Mainly Clear
3/9/2012 5:00,2012,3,9,5:00,-3.9,,-9.1,,67,,29,,20,,25,,101.13,,,,-10,,Mainly Clear
3/9/2012 6:00,2012,3,9,6:00,-4.3,,-9,,70,,28,,15,,25,,101.26,,,,-10,,Mainly Clear
3/9/2012 7:00,2012,3,9,7:00,-5,,-9.7,,70,,27,,15,,24.1,,101.31,,,,-11,,Clear
3/9/2012 8:00,2012,3,9,8:00,-4.7,,-10.2,,65,,27,,15,,24.1,,101.41,,,,-10,,Clear
3/9/2012 9:00,2012,3,9,9:00,-4,,-9.5,,66,,27,,20,,24.1,,101.46,,,,-10,,Clear
3/9/2012 10:00,2012,3,9,10:00,-3.7,,-10.1,,61,,27,,19,,48.3,,101.48,,,,-10,,Mainly Clear
3/9/2012 11:00,2012,3,9,11:00,-3,,-10,,58,,24,,17,,48.3,,101.47,,,,-9,,Mainly Clear
3/9/2012 12:00,2012,3,9,12:00,-2.1,,-8.5,,62,,20,,20,,48.3,,101.44,,,,-8,,Mainly Clear
3/9/2012 13:00,2012,3,9,13:00,-1.5,,-8.8,,57,,26,,15,,48.3,,101.42,,,,-6,,Mainly Clear
3/9/2012 14:00,2012,3,9,14:00,-1,,-7.6,,61,,27,,19,,48.3,,101.43,,,,-6,,Mainly Clear
3/9/2012 15:00,2012,3,9,15:00,-1.1,,-7.9,,60,,28,,17,,48.3,,101.45,,,,-6,,Mostly Cloudy
3/9/2012 16:00,2012,3,9,16:00,-0.7,,-8.4,,56,,28,,11,,48.3,,101.44,,,,-4,,Mostly Cloudy
3/9/2012 17:00,2012,3,9,17:00,-0.9,,-7.9,,59,,30,,7,,48.3,,101.47,,,,-3,,Mostly Cloudy
3/9/2012 18:00,2012,3,9,18:00,-2,,-8.7,,60,,29,,7,,25,,101.52,,,,-5,,Mainly Clear
3/9/2012 19:00,2012,3,9,19:00,-2.6,,-8.2,,65,,31,,4,,25,,101.57,,,,-4,,Mostly Cloudy
3/9/2012 20:00,2012,3,9,20:00,-2,,-9,,59,,35,,4,,25,,101.61,,,,-3,,Mostly Cloudy
3/9/2012 21:00,2012,3,9,21:00,-1.9,,-8.6,,60,,35,,6,,25,,101.63,,,,-4,,Mostly Cloudy
3/9/2012 22:00,2012,3,9,22:00,-2.2,,-8.9,,60,,5,,7,,25,,101.64,,,,-5,,Mostly Cloudy
3/9/2012 23:00,2012,3,9,23:00,-2.6,,-8.6,,63,,2,,6,,25,,101.68,,,,-5,,Cloudy
3/10/2012 0:00,2012,3,10,0:00,-2.2,,-8.7,,61,,4,,4,,25,,101.77,,,,-4,,Cloudy
3/10/2012 1:00,2012,3,10,1:00,-2.7,,-8.6,,64,,1,,15,,25,,101.89,,,,-8,,Cloudy
3/10/2012 2:00,2012,3,10,2:00,-3.8,,-10.6,,59,,3,,19,,25,,102.01,,,,-10,,Cloudy
3/10/2012 3:00,2012,3,10,3:00,-4.1,,-12.7,,51,,2,,24,,25,,102.1,,,,-11,,Cloudy
3/10/2012 4:00,2012,3,10,4:00,-5.7,,-13.1,,56,,1,,26,,25,,102.27,,,,-13,,Mainly Clear
3/10/2012 5:00,2012,3,10,5:00,-6.4,,-14,,55,,2,,20,,25,,102.42,,,,-13,,Mainly Clear
3/10/2012 6:00,2012,3,10,6:00,-6.8,,-14.1,,56,,3,,26,,24.1,,102.6,,,,-15,,Mostly Cloudy
3/10/2012 7:00,2012,3,10,7:00,-7.1,,-14.6,,55,,3,,20,,48.3,,102.73,,,,-14,,Mainly Clear
3/10/2012 8:00,2012,3,10,8:00,-6.8,,-14.6,,54,,2,,19,,48.3,,102.84,,,,-14,,Mainly Clear
3/10/2012 9:00,2012,3,10,9:00,-6.3,,-14.1,,54,,1,,15,,48.3,,102.95,,,,-12,,Mostly Cloudy
3/10/2012 10:00,2012,3,10,10:00,-6.1,,-14.5,,51,,4,,6,,48.3,,103.01,,,,-9,,Mainly Clear
3/10/2012 11:00,2012,3,10,11:00,-4,,-13.2,,49,,,,0,,48.3,,103.02,,,,,,Mainly Clear
3/10/2012 12:00,2012,3,10,12:00,-4.1,,-12.1,,54,,16,,7,,48.3,,102.99,,,,-7,,Clear
3/10/2012 13:00,2012,3,10,13:00,-3.2,,-11.3,,53,,21,,7,,48.3,,102.89,,,,-6,,Mainly Clear
3/10/2012 14:00,2012,3,10,14:00,-2.6,,-11.1,,52,,20,,15,,48.3,,102.84,,,,-8,,Mostly Cloudy
3/10/2012 15:00,2012,3,10,15:00,-2.7,,-10.2,,56,,18,,11,,48.3,,102.75,,,,-7,,Mostly Cloudy
3/10/2012 16:00,2012,3,10,16:00,-1.8,,-10.3,,52,,21,,13,,48.3,,102.71,,,,-6,,Mainly Clear
3/10/2012 17:00,2012,3,10,17:00,-1.6,,-10,,53,,22,,17,,48.3,,102.68,,,,-7,,Mainly Clear
3/10/2012 18:00,2012,3,10,18:00,-2.1,,-10.1,,54,,23,,9,,25,,102.66,,,,-6,,Mainly Clear
3/10/2012 19:00,2012,3,10,19:00,-1.9,,-9.4,,56,,21,,9,,25,,102.67,,,,-5,,Mainly Clear
3/10/2012 20:00,2012,3,10,20:00,-2.3,,-8,,65,,15,,11,,25,,102.6,,,,-6,,Mostly Cloudy
3/10/2012 21:00,2012,3,10,21:00,-2.3,,-8.1,,64,,16,,11,,25,,102.54,,,,-6,,Mostly Cloudy
3/10/2012 22:00,2012,3,10,22:00,-2,,-7.1,,68,,16,,11,,25,,102.5,,,,-6,,Snow Showers
3/10/2012 23:00,2012,3,10,23:00,-1.7,,-7.1,,67,,20,,7,,25,,102.45,,,,-4,,Cloudy
3/11/2012 0:00,2012,3,11,0:00,-3.1,,-7.2,,73,,13,,7,,25,,102.36,,,,-6,,Mainly Clear
3/11/2012 1:00,2012,3,11,1:00,-3.2,,-6.9,,76,,12,,7,,25,,102.28,,,,-6,,Mainly Clear
3/11/2012 2:00,2012,3,11,2:00,-3.1,,-7.1,,74,,16,,7,,25,,102.18,,,,-6,,Mainly Clear
3/11/2012 3:00,2012,3,11,3:00,-2.2,,-7,,70,,16,,17,,25,,102.05,,,,-8,,Cloudy
3/11/2012 4:00,2012,3,11,4:00,-1.7,,-6.9,,68,,15,,13,,25,,102.02,,,,-6,,Cloudy
3/11/2012 5:00,2012,3,11,5:00,-2.1,,-7,,69,,15,,11,,25,,101.98,,,,-6,,Mainly Clear
3/11/2012 6:00,2012,3,11,6:00,-1.5,,-6.7,,68,,13,,7,,48.3,,101.98,,,,-4,,Cloudy
3/11/2012 7:00,2012,3,11,7:00,-1.8,,-6.9,,68,,15,,11,,48.3,,101.97,,,,-6,,Clear
3/11/2012 8:00,2012,3,11,8:00,0.1,,-6.2,,63,,14,,7,,48.3,,102,,,,,,Clear
3/11/2012 9:00,2012,3,11,9:00,2.7,,-5.9,,53,,22,,7,,48.3,,101.98,,,,,,Mainly Clear
3/11/2012 10:00,2012,3,11,10:00,3.8,,-5.7,,50,,23,,13,,48.3,,101.97,,,,,,Clear
3/11/2012 11:00,2012,3,11,11:00,5.9,,-4.2,,48,,22,,11,,48.3,,101.92,,,,,,Clear
3/11/2012 12:00,2012,3,11,12:00,6.8,,-3.2,,49,,22,,24,,48.3,,101.86,,,,,,Clear
3/11/2012 13:00,2012,3,11,13:00,9,,-1.9,,46,,23,,20,,48.3,,101.79,,,,,,Clear
3/11/2012 14:00,2012,3,11,14:00,9.5,,-1.6,,46,,24,,24,,48.3,,101.74,,,,,,Clear
3/11/2012 15:00,2012,3,11,15:00,10.5,,-1.3,,44,,24,,20,,48.3,,101.69,,,,,,Clear
3/11/2012 16:00,2012,3,11,16:00,10.9,,-0.7,,45,,23,,15,,48.3,,101.65,,,,,,Clear
3/11/2012 17:00,2012,3,11,17:00,10.7,,-0.6,,45,,24,,11,,48.3,,101.65,,,,,,Clear
3/11/2012 18:00,2012,3,11,18:00,9.1,,-1,,49,,23,,7,,25,,101.68,,,,,,Clear
3/11/2012 19:00,2012,3,11,19:00,7.4,,-1.2,,54,,23,,6,,25,,101.69,,,,,,Clear
3/11/2012 20:00,2012,3,11,20:00,4.8,,-1.5,,64,,23,,9,,48.3,,101.7,,,,,,Clear
3/11/2012 21:00,2012,3,11,21:00,4.8,,-1.6,,63,,23,,13,,25,,101.72,,,,,,Mainly Clear
3/11/2012 22:00,2012,3,11,22:00,5.2,,-1.9,,60,,22,,6,,25,,101.72,,,,,,Clear
3/11/2012 23:00,2012,3,11,23:00,6.1,,-2,,56,,26,,7,,25,,101.75,,,,,,Clear
3/12/2012 0:00,2012,3,12,0:00,6,,-1.8,,57,,26,,20,,25,,101.77,,,,,,Clear
3/12/2012 1:00,2012,3,12,1:00,5.2,,-1.8,,61,,25,,17,,25,,101.77,,,,,,Mainly Clear
3/12/2012 2:00,2012,3,12,2:00,4.6,,-2.1,,62,,24,,9,,25,,101.77,,,,,,Mainly Clear
3/12/2012 3:00,2012,3,12,3:00,1.5,,-2.8,,73,,21,,11,,25,,101.78,,,,,,Mainly Clear
3/12/2012 4:00,2012,3,12,4:00,1.8,,-2.6,,73,,22,,4,,25,,101.8,,,,,,Mainly Clear
3/12/2012 5:00,2012,3,12,5:00,2.3,,-1.9,,74,,22,,9,,25,,101.82,,,,,,Clear
3/12/2012 6:00,2012,3,12,6:00,3.1,,-1.8,,70,,22,,11,,48.3,,101.89,,,,,,Clear
3/12/2012 7:00,2012,3,12,7:00,2.6,,-2.3,,70,,23,,4,,48.3,,101.98,,,,,,Mainly Clear
3/12/2012 8:00,2012,3,12,8:00,4.4,,-1,,68,,27,,6,,48.3,,102.03,,,,,,Mainly Clear
3/12/2012 9:00,2012,3,12,9:00,6.5,,-0.2,,62,,,,0,,48.3,,102.03,,,,,,Mostly Cloudy
3/12/2012 10:00,2012,3,12,10:00,8.3,,0.2,,57,,3,,9,,24.1,,102,,,,,,Cloudy
3/12/2012 11:00,2012,3,12,11:00,10.6,,0.3,,49,,7,,6,,24.1,,101.99,,,,,,Cloudy
3/12/2012 12:00,2012,3,12,12:00,10.8,,0.4,,49,,11,,9,,48.3,,101.94,,,,,,Mostly Cloudy
3/12/2012 13:00,2012,3,12,13:00,11.6,,0.6,,47,,15,,13,,48.3,,101.84,,,,,,Mostly Cloudy
3/12/2012 14:00,2012,3,12,14:00,12.3,,1.4,,47,,14,,6,,48.3,,101.79,,,,,,Mostly Cloudy
3/12/2012 15:00,2012,3,12,15:00,12.4,,0.6,,44,,16,,4,,48.3,,101.71,,,,,,Cloudy
3/12/2012 16:00,2012,3,12,16:00,11.8,,1.2,,48,,15,,4,,25,,101.64,,,,,,Cloudy
3/12/2012 17:00,2012,3,12,17:00,11.6,,1,,48,,8,,6,,24.1,,101.57,,,,,,Cloudy
3/12/2012 18:00,2012,3,12,18:00,9,,1.1,,58,,3,,13,,25,,101.54,,,,,,Cloudy
3/12/2012 19:00,2012,3,12,19:00,8.7,,1.1,,59,,3,,13,,25,,101.5,,,,,,Cloudy
3/12/2012 20:00,2012,3,12,20:00,9.2,,1.4,,58,,6,,13,,25,,101.44,,,,,,Cloudy
3/12/2012 21:00,2012,3,12,21:00,8.4,,1,,60,,4,,13,,25,,101.39,,,,,,Mostly Cloudy
3/12/2012 22:00,2012,3,12,22:00,7.9,,0.7,,60,,4,,11,,25,,101.35,,,,,,Mostly Cloudy
3/12/2012 23:00,2012,3,12,23:00,6.6,,-0.3,,61,,2,,11,,25,,101.22,,,,,,Mostly Cloudy
3/13/2012 0:00,2012,3,13,0:00,7.5,,-0.7,,56,,5,,13,,25,,101.11,,,,,,Mostly Cloudy
3/13/2012 1:00,2012,3,13,1:00,5.1,,-0.9,,65,,3,,13,,25,,101.07,,,,,,Rain Showers
3/13/2012 2:00,2012,3,13,2:00,4.8,,-1,,66,,36,,6,,25,,101.05,,,,,,Rain Showers
3/13/2012 3:00,2012,3,13,3:00,4.6,,-0.2,,71,,3,,15,,25,,100.87,,,,,,Cloudy
3/13/2012 4:00,2012,3,13,4:00,6.5,,1.1,,68,,8,,7,,25,,100.74,,,,,,Cloudy
3/13/2012 5:00,2012,3,13,5:00,5.8,,1.1,,72,,4,,6,,25,,100.71,,,,,,Cloudy
3/13/2012 6:00,2012,3,13,6:00,7.4,,1.8,,68,,9,,9,,19.3,,100.6,,,,,,Cloudy
3/13/2012 7:00,2012,3,13,7:00,4,,1,,81,,36,,11,,9.7,,100.61,,,,,,"Rain,Haze"
3/13/2012 8:00,2012,3,13,8:00,5.5,,2.9,,83,,5,,7,,6.4,,100.5,,,,,,"Rain,Haze"
3/13/2012 9:00,2012,3,13,9:00,4.4,,2.3,,86,,32,,17,,4,,100.51,,,,,,"Rain,Haze"
3/13/2012 10:00,2012,3,13,10:00,3.5,,1.5,,87,,36,,11,,2.4,,100.54,,,,,,"Drizzle,Fog"
3/13/2012 11:00,2012,3,13,11:00,3.5,,1.6,,87,,36,,11,,4.8,,100.57,,,,,,"Drizzle,Fog"
3/13/2012 12:00,2012,3,13,12:00,3.9,,2.2,,89,,2,,9,,4.8,,100.64,,,,,,Fog
3/13/2012 13:00,2012,3,13,13:00,4.9,,3,,87,,4,,7,,6.4,,100.63,,,,,,Fog
3/13/2012 14:00,2012,3,13,14:00,6.5,,4.5,,87,,3,,7,,6.4,,100.61,,,,,,Fog
3/13/2012 15:00,2012,3,13,15:00,5.3,,3.3,,87,,3,,11,,8,,100.63,,,,,,Fog
3/13/2012 16:00,2012,3,13,16:00,5.5,,2.8,,83,,3,,11,,8,,100.67,,,,,,Haze
3/13/2012 17:00,2012,3,13,17:00,4.9,,2.2,,83,,4,,17,,8,,100.68,,,,,,Haze
3/13/2012 18:00,2012,3,13,18:00,4,,1.5,,84,,5,,13,,8,,100.73,,,,,,Haze
3/13/2012 19:00,2012,3,13,19:00,3.1,,0.9,,85,,4,,17,,6.4,,100.79,,,,,,"Drizzle,Fog"
3/13/2012 20:00,2012,3,13,20:00,2.6,,0.3,,85,,6,,17,,6.4,,100.77,,,,,,Haze
3/13/2012 21:00,2012,3,13,21:00,1.1,,-1,,86,,3,,20,,4.8,,100.87,,,,,,"Rain,Fog"
3/13/2012 22:00,2012,3,13,22:00,1.4,,-0.7,,86,,3,,6,,6.4,,100.93,,,,,,Haze
3/13/2012 23:00,2012,3,13,23:00,1.1,,-0.9,,86,,2,,9,,4.8,,100.98,,,,,,Haze
3/14/2012 0:00,2012,3,14,0:00,0.7,,-1,,88,,2,,7,,3.2,,101.02,,,,,,Fog
3/14/2012 1:00,2012,3,14,1:00,0.7,,-0.9,,89,,1,,7,,1,,101.06,,,,,,Fog
3/14/2012 2:00,2012,3,14,2:00,0.6,,-1,,89,,3,,7,,0.8,,101.05,,,,,,Fog
3/14/2012 3:00,2012,3,14,3:00,0.8,,-0.3,,92,,1,,6,,0.6,,101.06,,,,,,Fog
3/14/2012 4:00,2012,3,14,4:00,0.8,,-0.6,,90,,2,,4,,0.6,,101.13,,,,,,Fog
3/14/2012 5:00,2012,3,14,5:00,0.7,,-0.9,,89,,36,,6,,0.6,,101.23,,,,,,Fog
3/14/2012 6:00,2012,3,14,6:00,0.6,,-0.9,,90,,36,,7,,0.6,,101.28,,,,,,Fog
3/14/2012 7:00,2012,3,14,7:00,0.8,,-0.4,,92,,1,,6,,2.4,,101.36,,,,,,Fog
3/14/2012 8:00,2012,3,14,8:00,1.1,,-0.1,,92,,35,,6,,3.2,,101.46,,,,,,"Rain,Fog"
3/14/2012 9:00,2012,3,14,9:00,1.6,,0.4,,92,,36,,7,,4.8,,101.51,,,,,,"Rain,Fog"
3/14/2012 10:00,2012,3,14,10:00,1.1,,0.5,,96,,4,,7,,2.4,,101.57,,,,,,"Snow,Fog"
3/14/2012 11:00,2012,3,14,11:00,0.4,,0.1,,98,,4,,6,,1.6,,101.6,,,,,,"Snow,Fog"
3/14/2012 12:00,2012,3,14,12:00,1,,0.8,,99,,6,,4,,2,,101.65,,,,,,"Snow,Fog"
3/14/2012 13:00,2012,3,14,13:00,2.1,,1.8,,98,,10,,4,,4.8,,101.67,,,,,,"Rain,Fog"
3/14/2012 14:00,2012,3,14,14:00,2.2,,1.8,,97,,2,,7,,8,,101.7,,,,,,"Drizzle,Fog"
3/14/2012 15:00,2012,3,14,15:00,1.7,,1.3,,97,,3,,13,,4.8,,101.77,,,,,,"Drizzle,Fog"
3/14/2012 16:00,2012,3,14,16:00,1.5,,1.2,,98,,2,,13,,8,,101.82,,,,,,"Drizzle,Fog"
3/14/2012 17:00,2012,3,14,17:00,1,,0.6,,97,,2,,15,,9.7,,101.89,,,,,,Fog
3/14/2012 18:00,2012,3,14,18:00,0.5,,0.1,,97,,3,,17,,9.7,,101.99,,,,,,"Drizzle,Fog"
3/14/2012 19:00,2012,3,14,19:00,0.3,,-0.2,,96,,3,,15,,8,,102.07,,,,,,"Snow,Fog"
3/14/2012 20:00,2012,3,14,20:00,0.2,,-0.5,,95,,4,,15,,12.9,,102.13,,,,,,Cloudy
3/14/2012 21:00,2012,3,14,21:00,-0.1,,-0.9,,94,,2,,17,,12.9,,102.17,,,,-5,,Cloudy
3/14/2012 22:00,2012,3,14,22:00,-0.3,,-1.3,,93,,3,,20,,12.9,,102.18,,,,-6,,Cloudy
3/14/2012 23:00,2012,3,14,23:00,-0.6,,-1.6,,93,,3,,15,,12.9,,102.23,,,,-5,,Cloudy
3/15/2012 0:00,2012,3,15,0:00,-0.6,,-1.7,,92,,3,,19,,12.9,,102.24,,,,-6,,Cloudy
3/15/2012 1:00,2012,3,15,1:00,-0.6,,-1.7,,92,,3,,19,,12.9,,102.27,,,,-6,,Cloudy
3/15/2012 2:00,2012,3,15,2:00,-0.4,,-1.5,,92,,4,,13,,12.9,,102.29,,,,-5,,Cloudy
3/15/2012 3:00,2012,3,15,3:00,-0.3,,-1.5,,92,,4,,11,,12.9,,102.25,,,,-4,,Cloudy
3/15/2012 4:00,2012,3,15,4:00,-0.2,,-1.3,,92,,5,,17,,12.9,,102.26,,,,-5,,Cloudy
3/15/2012 5:00,2012,3,15,5:00,-0.3,,-1.5,,92,,4,,15,,12.9,,102.34,,,,-5,,Cloudy
3/15/2012 6:00,2012,3,15,6:00,-0.3,,-1.6,,91,,5,,20,,16.1,,102.36,,,,-6,,Cloudy
3/15/2012 7:00,2012,3,15,7:00,-0.5,,-1.9,,90,,6,,13,,16.1,,102.4,,,,-5,,Cloudy
3/15/2012 8:00,2012,3,15,8:00,-0.5,,-2.1,,89,,5,,17,,19.3,,102.42,,,,-5,,Cloudy
3/15/2012 9:00,2012,3,15,9:00,-0.3,,-2,,88,,4,,20,,16.1,,102.39,,,,-6,,Cloudy
3/15/2012 10:00,2012,3,15,10:00,0.4,,-1.6,,86,,5,,22,,19.3,,102.31,,,,,,Cloudy
3/15/2012 11:00,2012,3,15,11:00,1.1,,-1.3,,84,,6,,19,,24.1,,102.23,,,,,,Cloudy
3/15/2012 12:00,2012,3,15,12:00,2.2,,-0.7,,81,,5,,19,,24.1,,102.18,,,,,,Cloudy
3/15/2012 13:00,2012,3,15,13:00,3.4,,0,,78,,4,,22,,24.1,,102.12,,,,,,Cloudy
3/15/2012 14:00,2012,3,15,14:00,3.4,,-0.1,,78,,5,,22,,24.1,,102.05,,,,,,Cloudy
3/15/2012 15:00,2012,3,15,15:00,4,,0.6,,78,,5,,24,,24.1,,102,,,,,,Mostly Cloudy
3/15/2012 16:00,2012,3,15,16:00,3.5,,0.1,,78,,4,,20,,24.1,,101.99,,,,,,Mostly Cloudy
3/15/2012 17:00,2012,3,15,17:00,3,,-0.3,,79,,4,,26,,24.1,,101.98,,,,,,Mostly Cloudy
3/15/2012 18:00,2012,3,15,18:00,2.6,,-0.3,,81,,5,,22,,24.1,,101.98,,,,,,Rain Showers
3/15/2012 19:00,2012,3,15,19:00,2.4,,-0.4,,82,,5,,28,,25,,101.88,,,,,,Mostly Cloudy
3/15/2012 20:00,2012,3,15,20:00,2.3,,-0.2,,84,,4,,24,,25,,101.86,,,,,,Mostly Cloudy
3/15/2012 21:00,2012,3,15,21:00,2,,0.4,,89,,5,,28,,25,,101.8,,,,,,Rain Showers
3/15/2012 22:00,2012,3,15,22:00,2.1,,0.5,,89,,3,,20,,25,,101.77,,,,,,Mostly Cloudy
3/15/2012 23:00,2012,3,15,23:00,1.8,,0.2,,89,,4,,19,,25,,101.7,,,,,,Mostly Cloudy
3/16/2012 0:00,2012,3,16,0:00,1.8,,0.4,,90,,3,,19,,25,,101.67,,,,,,Cloudy
3/16/2012 1:00,2012,3,16,1:00,1.9,,0.6,,91,,4,,15,,25,,101.54,,,,,,Rain Showers
3/16/2012 2:00,2012,3,16,2:00,1.1,,0.2,,94,,3,,17,,12.9,,101.56,,,,,,Rain
3/16/2012 3:00,2012,3,16,3:00,1.1,,0.5,,96,,3,,19,,6.4,,101.46,,,,,,Rain
3/16/2012 4:00,2012,3,16,4:00,1,,0.5,,96,,3,,17,,4.8,,101.39,,,,,,Rain
3/16/2012 5:00,2012,3,16,5:00,0.7,,0.3,,97,,2,,20,,4.8,,101.36,,,,,,Rain
3/16/2012 6:00,2012,3,16,6:00,0.6,,0.2,,97,,2,,24,,6.4,,101.39,,,,,,"Rain,Fog"
3/16/2012 7:00,2012,3,16,7:00,1.1,,0.6,,96,,3,,19,,4.8,,101.37,,,,,,"Rain,Fog"
3/16/2012 8:00,2012,3,16,8:00,1.1,,0.7,,97,,1,,15,,4,,101.38,,,,,,"Rain,Fog"
3/16/2012 9:00,2012,3,16,9:00,1.1,,0.7,,97,,36,,17,,4,,101.41,,,,,,"Rain,Fog"
3/16/2012 10:00,2012,3,16,10:00,1.5,,1.1,,97,,5,,13,,4.8,,101.41,,,,,,"Rain,Fog"
3/16/2012 11:00,2012,3,16,11:00,1.8,,1.3,,96,,1,,13,,8,,101.4,,,,,,"Rain,Fog"
3/16/2012 12:00,2012,3,16,12:00,2.5,,2,,96,,35,,6,,8,,101.42,,,,,,Fog
3/16/2012 13:00,2012,3,16,13:00,3.3,,2.8,,97,,33,,6,,9.7,,101.38,,,,,,Fog
3/16/2012 14:00,2012,3,16,14:00,4,,3.2,,95,,34,,11,,9.7,,101.4,,,,,,Fog
3/16/2012 15:00,2012,3,16,15:00,3.7,,3.2,,97,,33,,7,,6.4,,101.48,,,,,,Fog
3/16/2012 16:00,2012,3,16,16:00,4.3,,3.5,,95,,28,,4,,8,,101.53,,,,,,Fog
3/16/2012 17:00,2012,3,16,17:00,4.1,,3.2,,94,,24,,7,,8,,101.61,,,,,,Fog
3/16/2012 18:00,2012,3,16,18:00,3.8,,3.2,,96,,23,,7,,4.8,,101.71,,,,,,"Drizzle,Fog"
3/16/2012 19:00,2012,3,16,19:00,3.8,,3.2,,96,,,,0,,3.2,,101.77,,,,,,"Drizzle,Fog"
3/16/2012 20:00,2012,3,16,20:00,3.7,,3.3,,97,,,,0,,2,,101.93,,,,,,"Drizzle,Fog"
3/16/2012 21:00,2012,3,16,21:00,4,,3.7,,98,,11,,7,,3.2,,101.93,,,,,,"Drizzle,Fog"
3/16/2012 22:00,2012,3,16,22:00,3.8,,3.4,,97,,,,0,,6.4,,102.04,,,,,,"Drizzle,Fog"
3/16/2012 23:00,2012,3,16,23:00,3.7,,3.3,,97,,,,0,,3.2,,102.07,,,,,,"Drizzle,Fog"
3/17/2012 0:00,2012,3,17,0:00,3.8,,3.5,,98,,29,,4,,1.6,,102.05,,,,,,"Drizzle,Fog"
3/17/2012 1:00,2012,3,17,1:00,3,,2.7,,98,,24,,6,,0.6,,102.05,,,,,,Fog
3/17/2012 2:00,2012,3,17,2:00,2.7,,2.5,,99,,27,,4,,0.2,,102.09,,,,,,Fog
3/17/2012 3:00,2012,3,17,3:00,1.8,,1.6,,99,,34,,4,,0.2,,102.1,,,,,,Fog
3/17/2012 4:00,2012,3,17,4:00,0.3,,0.1,,99,,,,0,,0.2,,102.15,,,,,,Fog
3/17/2012 5:00,2012,3,17,5:00,-0.1,,-0.3,,99,,,,0,,0.8,,102.2,,,,,,Freezing Fog
3/17/2012 6:00,2012,3,17,6:00,-0.1,,-0.4,,98,,27,,4,,0.2,,102.26,,,,-1,,Freezing Fog
3/17/2012 7:00,2012,3,17,7:00,0.5,,0.4,,99,,,,0,,0.2,,102.34,,,,,,Fog
3/17/2012 8:00,2012,3,17,8:00,1,,0.9,,99,,,,0,,0.2,,102.39,,,,,,Fog
3/17/2012 9:00,2012,3,17,9:00,1.6,,1.5,,99,,17,,4,,0.2,,102.38,,,,,,Fog
3/17/2012 10:00,2012,3,17,10:00,2.6,,2.6,,100,,,,0,,0.2,,102.37,,,,,,Fog
3/17/2012 11:00,2012,3,17,11:00,4.1,,3.8,,98,,16,,4,,0.6,,102.34,,,,,,Fog
3/17/2012 12:00,2012,3,17,12:00,5.7,,5.3,,97,,14,,4,,9.7,,102.32,,,,,,Fog
3/17/2012 13:00,2012,3,17,13:00,8.1,,6.2,,88,,13,,7,,16.1,,102.18,,,,,,Cloudy
3/17/2012 14:00,2012,3,17,14:00,9.2,,4.3,,71,,9,,7,,24.1,,102.13,,,,,,Cloudy
3/17/2012 15:00,2012,3,17,15:00,10.2,,4.4,,67,,10,,6,,24.1,,102.07,,,,,,Cloudy
3/17/2012 16:00,2012,3,17,16:00,10.5,,4.1,,65,,10,,7,,48.3,,102.02,,,,,,Cloudy
3/17/2012 17:00,2012,3,17,17:00,10.1,,4.7,,69,,13,,9,,48.3,,101.97,,,,,,Cloudy
3/17/2012 18:00,2012,3,17,18:00,10.1,,5.4,,73,,16,,7,,48.3,,101.95,,,,,,Cloudy
3/17/2012 19:00,2012,3,17,19:00,9.8,,5.9,,77,,10,,6,,25,,101.93,,,,,,Cloudy
3/17/2012 20:00,2012,3,17,20:00,9.3,,5.2,,76,,,,0,,25,,101.92,,,,,,Cloudy
3/17/2012 21:00,2012,3,17,21:00,8.8,,5.5,,80,,3,,4,,25,,101.8,,,,,,Mostly Cloudy
3/17/2012 22:00,2012,3,17,22:00,7.7,,4.9,,82,,,,0,,25,,101.77,,,,,,Mainly Clear
3/17/2012 23:00,2012,3,17,23:00,6.7,,4.7,,87,,36,,7,,25,,101.78,,,,,,Mainly Clear
3/18/2012 0:00,2012,3,18,0:00,3.8,,2.8,,93,,34,,4,,25,,101.75,,,,,,Mainly Clear
3/18/2012 1:00,2012,3,18,1:00,5.2,,3.5,,89,,,,0,,25,,101.74,,,,,,Mostly Cloudy
3/18/2012 2:00,2012,3,18,2:00,4.3,,3,,91,,20,,6,,25,,101.71,,,,,,Mainly Clear
3/18/2012 3:00,2012,3,18,3:00,3.9,,2.4,,90,,21,,7,,25,,101.66,,,,,,Clear
3/18/2012 4:00,2012,3,18,4:00,3.2,,2.3,,94,,20,,6,,25,,101.69,,,,,,Clear
3/18/2012 5:00,2012,3,18,5:00,3.5,,2.4,,92,,22,,6,,25,,101.7,,,,,,Clear
3/18/2012 6:00,2012,3,18,6:00,3.6,,2.6,,93,,16,,7,,24.1,,101.72,,,,,,Clear
3/18/2012 7:00,2012,3,18,7:00,5.1,,3.7,,91,,20,,4,,48.3,,101.78,,,,,,Mainly Clear
3/18/2012 8:00,2012,3,18,8:00,8.8,,5.8,,81,,19,,11,,48.3,,101.79,,,,,,Mainly Clear
3/18/2012 9:00,2012,3,18,9:00,10.4,,6.6,,77,,20,,11,,48.3,,101.81,,,,,,Mainly Clear
3/18/2012 10:00,2012,3,18,10:00,11.9,,6.7,,70,,21,,13,,48.3,,101.78,,,,,,Mainly Clear
3/18/2012 11:00,2012,3,18,11:00,14.1,,7.6,,65,,20,,13,,48.3,,101.71,,,,,,Clear
3/18/2012 12:00,2012,3,18,12:00,17.3,,8.7,,57,,20,,11,,48.3,,101.63,,,,,,Clear
3/18/2012 13:00,2012,3,18,13:00,20,,9.9,,52,,23,,15,,48.3,,101.55,,,,,,Mainly Clear
3/18/2012 14:00,2012,3,18,14:00,21.7,,10.5,,49,,22,,13,,48.3,,101.45,,,,,,Mainly Clear
3/18/2012 15:00,2012,3,18,15:00,22.2,,10.4,,47,,22,,15,,48.3,,101.39,,,,,,Mainly Clear
3/18/2012 16:00,2012,3,18,16:00,22.7,,10.7,,47,,23,,11,,48.3,,101.35,,,,,,Mainly Clear
3/18/2012 17:00,2012,3,18,17:00,21.8,,11,,50,,23,,6,,48.3,,101.32,,,,,,Mostly Cloudy
3/18/2012 18:00,2012,3,18,18:00,18.4,,10.1,,58,,34,,9,,48.3,,101.32,,,,,,Mostly Cloudy
3/18/2012 19:00,2012,3,18,19:00,17.1,,9.8,,62,,,,0,,25,,101.3,,,,,,Mainly Clear
3/18/2012 20:00,2012,3,18,20:00,12.8,,8.6,,76,,23,,7,,25,,101.34,,,,,,Clear
3/18/2012 21:00,2012,3,18,21:00,13.4,,9.2,,76,,20,,4,,25,,101.37,,,,,,Mainly Clear
3/18/2012 22:00,2012,3,18,22:00,12.6,,8.9,,78,,20,,7,,25,,101.39,,,,,,Mainly Clear
3/18/2012 23:00,2012,3,18,23:00,10.6,,7.9,,83,,23,,6,,25,,101.37,,,,,,Mainly Clear
3/19/2012 0:00,2012,3,19,0:00,9.8,,7.6,,86,,23,,6,,25,,101.37,,,,,,Mainly Clear
3/19/2012 1:00,2012,3,19,1:00,10.8,,8.5,,86,,21,,6,,25,,101.39,,,,,,Clear
3/19/2012 2:00,2012,3,19,2:00,10.6,,8.6,,87,,22,,4,,25,,101.42,,,,,,Clear
3/19/2012 3:00,2012,3,19,3:00,10.2,,8.3,,88,,21,,11,,25,,101.42,,,,,,Clear
3/19/2012 4:00,2012,3,19,4:00,11.2,,9,,86,,23,,6,,25,,101.49,,,,,,Clear
3/19/2012 5:00,2012,3,19,5:00,9.7,,8.1,,90,,21,,7,,25,,101.5,,,,,,Clear
3/19/2012 6:00,2012,3,19,6:00,11.3,,9.4,,88,,5,,4,,24.1,,101.56,,,,,,Mainly Clear
3/19/2012 7:00,2012,3,19,7:00,9.9,,8.5,,91,,,,0,,12.9,,101.59,,,,,,Mostly Cloudy
3/19/2012 8:00,2012,3,19,8:00,11.9,,9.9,,88,,1,,7,,12.9,,101.67,,,,,,Mostly Cloudy
3/19/2012 9:00,2012,3,19,9:00,13.9,,10.5,,80,,32,,6,,12.9,,101.71,,,,,,Mainly Clear
3/19/2012 10:00,2012,3,19,10:00,15.6,,11,,74,,24,,6,,16.1,,101.75,,,,,,Mainly Clear
3/19/2012 11:00,2012,3,19,11:00,17.8,,11.6,,67,,30,,4,,16.1,,101.75,,,,,,Mainly Clear
3/19/2012 12:00,2012,3,19,12:00,19.8,,12,,61,,31,,4,,19.3,,101.75,,,,,,Mainly Clear
3/19/2012 13:00,2012,3,19,13:00,18.5,,11,,62,,4,,19,,19.3,,101.72,,,,,,Mainly Clear
3/19/2012 14:00,2012,3,19,14:00,17,,9.9,,63,,3,,15,,24.1,,101.72,,,,,,Mainly Clear
3/19/2012 15:00,2012,3,19,15:00,16.3,,10,,66,,3,,17,,24.1,,101.71,,,,,,Mainly Clear
3/19/2012 16:00,2012,3,19,16:00,16.6,,9.7,,64,,3,,11,,24.1,,101.66,,,,,,Mainly Clear
3/19/2012 17:00,2012,3,19,17:00,15.9,,9.1,,64,,2,,13,,24.1,,101.66,,,,,,Mainly Clear
3/19/2012 18:00,2012,3,19,18:00,13.9,,7.9,,67,,4,,19,,24.1,,101.67,,,,,,Mainly Clear
3/19/2012 19:00,2012,3,19,19:00,12.5,,6.7,,68,,3,,15,,25,,101.71,,,,,,Mainly Clear
3/19/2012 20:00,2012,3,19,20:00,10.6,,5.4,,70,,3,,13,,25,,101.8,,,,,,Mainly Clear
3/19/2012 21:00,2012,3,19,21:00,9.5,,4.1,,69,,2,,15,,25,,101.8,,,,,,Clear
3/19/2012 22:00,2012,3,19,22:00,8.8,,2.7,,66,,3,,17,,25,,101.83,,,,,,Clear
3/19/2012 23:00,2012,3,19,23:00,7.2,,1.8,,69,,1,,9,,25,,101.86,,,,,,Clear
3/20/2012 0:00,2012,3,20,0:00,7.1,,1,,65,,36,,11,,25,,101.85,,,,,,Clear
3/20/2012 1:00,2012,3,20,1:00,6.1,,0.7,,68,,2,,11,,25,,101.85,,,,,,Clear
3/20/2012 2:00,2012,3,20,2:00,5.7,,0.4,,69,,1,,11,,25,,101.85,,,,,,Clear
3/20/2012 3:00,2012,3,20,3:00,5.2,,0.2,,70,,35,,7,,25,,101.86,,,,,,Clear
3/20/2012 4:00,2012,3,20,4:00,5.2,,-0.2,,68,,36,,4,,25,,101.88,,,,,,Clear
3/20/2012 5:00,2012,3,20,5:00,5,,-0.3,,69,,1,,7,,25,,101.92,,,,,,Clear
3/20/2012 6:00,2012,3,20,6:00,3.2,,-0.6,,76,,33,,4,,24.1,,101.97,,,,,,Clear
3/20/2012 7:00,2012,3,20,7:00,5.5,,-0.1,,67,,3,,4,,24.1,,102,,,,,,Clear
3/20/2012 8:00,2012,3,20,8:00,8,,0.6,,60,,34,,6,,24.1,,102.08,,,,,,Clear
3/20/2012 9:00,2012,3,20,9:00,10.6,,1.3,,53,,,,0,,19.3,,102.09,,,,,,Mainly Clear
3/20/2012 10:00,2012,3,20,10:00,12.6,,2.6,,50,,23,,4,,24.1,,102.07,,,,,,Mainly Clear
3/20/2012 11:00,2012,3,20,11:00,14.9,,4,,48,,22,,6,,24.1,,102.02,,,,,,Clear
3/20/2012 12:00,2012,3,20,12:00,16.5,,6.7,,52,,21,,9,,24.1,,101.98,,,,,,Clear
3/20/2012 13:00,2012,3,20,13:00,20,,10.8,,55,,20,,13,,24.1,,101.93,,,,,,Clear
3/20/2012 14:00,2012,3,20,14:00,21.5,,11.8,,54,,20,,11,,24.1,,101.83,,,,,,Clear
3/20/2012 15:00,2012,3,20,15:00,22.5,,12.3,,52,,21,,9,,24.1,,101.78,,25,,,,Clear
3/20/2012 16:00,2012,3,20,16:00,23.3,,12.1,,49,,22,,7,,24.1,,101.73,,26,,,,Clear
3/20/2012 17:00,2012,3,20,17:00,22,,12.1,,53,,20,,7,,24.1,,101.72,,,,,,Clear
3/20/2012 18:00,2012,3,20,18:00,19.7,,11.7,,60,,20,,4,,24.1,,101.74,,,,,,Clear
3/20/2012 19:00,2012,3,20,19:00,17.5,,10.9,,65,,22,,6,,25,,101.79,,,,,,Clear
3/20/2012 20:00,2012,3,20,20:00,18.1,,11.6,,66,,18,,4,,25,,101.85,,,,,,Clear
3/20/2012 21:00,2012,3,20,21:00,16,,10.9,,72,,24,,6,,25,,101.89,,,,,,Clear
3/20/2012 22:00,2012,3,20,22:00,14.2,,10.3,,77,,19,,4,,25,,101.9,,,,,,Clear
3/20/2012 23:00,2012,3,20,23:00,14.3,,10.7,,79,,22,,6,,25,,101.91,,,,,,Clear
3/21/2012 0:00,2012,3,21,0:00,14,,11,,82,,22,,9,,25,,101.9,,,,,,Clear
3/21/2012 1:00,2012,3,21,1:00,12.4,,10.5,,88,,19,,4,,25,,101.92,,,,,,Clear
3/21/2012 2:00,2012,3,21,2:00,11.8,,10.3,,91,,25,,6,,25,,101.93,,,,,,Clear
3/21/2012 3:00,2012,3,21,3:00,11.4,,9.8,,90,,18,,4,,25,,101.93,,,,,,Clear
3/21/2012 4:00,2012,3,21,4:00,10.6,,9.1,,90,,,,0,,25,,101.95,,,,,,Clear
3/21/2012 5:00,2012,3,21,5:00,10,,8.8,,92,,,,0,,25,,102.02,,,,,,Clear
3/21/2012 6:00,2012,3,21,6:00,9.5,,8.6,,94,,18,,4,,9.7,,102.07,,,,,,Fog
3/21/2012 7:00,2012,3,21,7:00,11.3,,9.9,,91,,22,,4,,9.7,,102.1,,,,,,Fog
3/21/2012 8:00,2012,3,21,8:00,13.8,,11.5,,86,,21,,9,,12.9,,102.15,,,,,,Clear
3/21/2012 9:00,2012,3,21,9:00,15.9,,11.8,,77,,21,,7,,19.3,,102.17,,,,,,Clear
3/21/2012 10:00,2012,3,21,10:00,18.2,,12.5,,69,,19,,13,,24.1,,102.09,,,,,,Clear
3/21/2012 11:00,2012,3,21,11:00,20.2,,12.3,,60,,22,,15,,24.1,,102.01,,,,,,Clear
3/21/2012 12:00,2012,3,21,12:00,22.3,,12.6,,54,,22,,15,,24.1,,101.94,,25,,,,Clear
3/21/2012 13:00,2012,3,21,13:00,23.8,,12.1,,48,,23,,17,,24.1,,101.85,,26,,,,Clear
3/21/2012 14:00,2012,3,21,14:00,24.7,,12.1,,45,,23,,13,,24.1,,101.77,,27,,,,Clear
3/21/2012 15:00,2012,3,21,15:00,25.4,,12,,43,,21,,17,,48.3,,101.72,,28,,,,Clear
3/21/2012 16:00,2012,3,21,16:00,25.5,,11,,40,,22,,17,,48.3,,101.69,,27,,,,Clear
3/21/2012 17:00,2012,3,21,17:00,25.2,,10.7,,40,,23,,13,,48.3,,101.68,,27,,,,Clear
3/21/2012 18:00,2012,3,21,18:00,20.7,,9.7,,49,,21,,9,,48.3,,101.67,,,,,,Clear
3/21/2012 19:00,2012,3,21,19:00,17.2,,9.1,,59,,18,,6,,25,,101.67,,,,,,Clear
3/21/2012 20:00,2012,3,21,20:00,18.4,,8.9,,54,,21,,7,,25,,101.7,,,,,,Clear
3/21/2012 21:00,2012,3,21,21:00,16.4,,9.7,,65,,21,,13,,25,,101.68,,,,,,Clear
3/21/2012 22:00,2012,3,21,22:00,18,,10.5,,62,,23,,7,,25,,101.66,,,,,,Clear
3/21/2012 23:00,2012,3,21,23:00,16.5,,9.5,,63,,23,,7,,25,,101.66,,,,,,Clear
3/22/2012 0:00,2012,3,22,0:00,17,,9.1,,60,,22,,13,,25,,101.63,,,,,,Clear
3/22/2012 1:00,2012,3,22,1:00,15.5,,8.7,,64,,22,,11,,25,,101.62,,,,,,Clear
3/22/2012 2:00,2012,3,22,2:00,15,,8.7,,66,,22,,7,,25,,101.59,,,,,,Clear
3/22/2012 3:00,2012,3,22,3:00,11,,7.4,,78,,21,,9,,25,,101.56,,,,,,Clear
3/22/2012 4:00,2012,3,22,4:00,13.2,,8.4,,73,,25,,6,,25,,101.54,,,,,,Clear
3/22/2012 5:00,2012,3,22,5:00,12.8,,8.5,,75,,24,,13,,25,,101.59,,,,,,Clear
3/22/2012 6:00,2012,3,22,6:00,13.7,,9,,73,,21,,15,,48.3,,101.57,,,,,,Mostly Cloudy
3/22/2012 7:00,2012,3,22,7:00,14.2,,9.5,,73,,22,,22,,24.1,,101.55,,,,,,Mainly Clear
3/22/2012 8:00,2012,3,22,8:00,15.4,,9.9,,70,,21,,15,,24.1,,101.55,,,,,,Mainly Clear
3/22/2012 9:00,2012,3,22,9:00,17.3,,10.4,,64,,24,,22,,24.1,,101.53,,,,,,Mainly Clear
3/22/2012 10:00,2012,3,22,10:00,19.6,,11.4,,59,,26,,17,,24.1,,101.57,,,,,,Mainly Clear
3/22/2012 11:00,2012,3,22,11:00,20.4,,11.9,,58,,23,,15,,24.1,,101.52,,,,,,Mainly Clear
3/22/2012 12:00,2012,3,22,12:00,23,,12,,50,,27,,20,,24.1,,101.5,,25,,,,Mostly Cloudy
3/22/2012 13:00,2012,3,22,13:00,23.3,,12.1,,49,,27,,19,,24.1,,101.43,,26,,,,Mostly Cloudy
3/22/2012 14:00,2012,3,22,14:00,22.8,,12.6,,53,,31,,17,,24.1,,101.4,,25,,,,Cloudy
3/22/2012 15:00,2012,3,22,15:00,21.4,,12.8,,58,,34,,6,,24.1,,101.38,,,,,,Cloudy
3/22/2012 16:00,2012,3,22,16:00,22.2,,12.3,,53,,27,,13,,24.1,,101.33,,25,,,,Mostly Cloudy
3/22/2012 17:00,2012,3,22,17:00,20,,12.2,,61,,31,,11,,24.1,,101.39,,,,,,Mostly Cloudy
3/22/2012 18:00,2012,3,22,18:00,18.2,,11.5,,65,,33,,19,,24.1,,101.48,,,,,,Rain Showers
3/22/2012 19:00,2012,3,22,19:00,16.7,,9.4,,62,,32,,13,,25,,101.52,,,,,,Rain Showers
3/22/2012 20:00,2012,3,22,20:00,15.1,,8.5,,65,,34,,11,,25,,101.58,,,,,,Mainly Clear
3/22/2012 21:00,2012,3,22,21:00,12.1,,7.4,,73,,31,,7,,25,,101.59,,,,,,Mainly Clear
3/22/2012 22:00,2012,3,22,22:00,11,,6.8,,75,,29,,7,,25,,101.61,,,,,,Mainly Clear
3/22/2012 23:00,2012,3,22,23:00,11.3,,7.2,,76,,29,,6,,25,,101.62,,,,,,Clear
3/23/2012 0:00,2012,3,23,0:00,10.4,,7.1,,80,,29,,7,,25,,101.67,,,,,,Mainly Clear
3/23/2012 1:00,2012,3,23,1:00,10.3,,7.5,,83,,,,0,,25,,101.7,,,,,,Mainly Clear
3/23/2012 2:00,2012,3,23,2:00,8.9,,6.5,,85,,31,,9,,25,,101.71,,,,,,Mainly Clear
3/23/2012 3:00,2012,3,23,3:00,8.8,,6.4,,85,,32,,9,,25,,101.72,,,,,,Mainly Clear
3/23/2012 4:00,2012,3,23,4:00,9.2,,6.3,,82,,4,,7,,25,,101.76,,,,,,Clear
3/23/2012 5:00,2012,3,23,5:00,8,,5.2,,82,,2,,9,,25,,101.85,,,,,,Clear
3/23/2012 6:00,2012,3,23,6:00,6.6,,2.9,,77,,36,,7,,25,,101.9,,,,,,Clear
3/23/2012 7:00,2012,3,23,7:00,8.4,,3,,69,,,,0,,48.3,,101.93,,,,,,Clear
3/23/2012 8:00,2012,3,23,8:00,11.3,,1.8,,52,,,,0,,48.3,,101.93,,,,,,Clear
3/23/2012 9:00,2012,3,23,9:00,12.8,,2.3,,49,,21,,4,,48.3,,101.94,,,,,,Clear
3/23/2012 10:00,2012,3,23,10:00,14.5,,0.1,,37,,36,,17,,48.3,,101.93,,,,,,Clear
3/23/2012 11:00,2012,3,23,11:00,14.9,,-3,,29,,32,,15,,48.3,,101.87,,,,,,Clear
3/23/2012 12:00,2012,3,23,12:00,16.2,,-2.5,,28,,32,,11,,48.3,,101.81,,,,,,Mainly Clear
3/23/2012 13:00,2012,3,23,13:00,16.8,,-2.3,,27,,27,,7,,48.3,,101.71,,,,,,Mostly Cloudy
3/23/2012 14:00,2012,3,23,14:00,16.6,,-6.8,,19,,32,,15,,48.3,,101.66,,,,,,Mostly Cloudy
3/23/2012 15:00,2012,3,23,15:00,16.4,,-6.8,,20,,36,,15,,48.3,,101.63,,,,,,Mostly Cloudy
3/23/2012 16:00,2012,3,23,16:00,15.5,,-9,,18,,35,,22,,48.3,,101.6,,,,,,Cloudy
3/23/2012 17:00,2012,3,23,17:00,14.7,,-5.1,,25,,34,,13,,48.3,,101.62,,,,,,Cloudy
3/23/2012 18:00,2012,3,23,18:00,13.4,,-5.8,,26,,31,,13,,48.3,,101.64,,,,,,Cloudy
3/23/2012 19:00,2012,3,23,19:00,11.8,,-5.5,,29,,33,,11,,25,,101.68,,,,,,Mostly Cloudy
3/23/2012 20:00,2012,3,23,20:00,10.9,,-5.9,,30,,36,,6,,25,,101.72,,,,,,Cloudy
3/23/2012 21:00,2012,3,23,21:00,10.8,,-8,,26,,1,,15,,25,,101.7,,,,,,Mostly Cloudy
3/23/2012 22:00,2012,3,23,22:00,10.6,,-8.9,,24,,2,,19,,25,,101.73,,,,,,Cloudy
3/23/2012 23:00,2012,3,23,23:00,9.9,,-8.7,,26,,4,,19,,25,,101.78,,,,,,Mostly Cloudy
3/24/2012 0:00,2012,3,24,0:00,8.4,,-9.1,,28,,4,,22,,25,,101.8,,,,,,Mostly Cloudy
3/24/2012 1:00,2012,3,24,1:00,7.3,,-9.4,,29,,4,,20,,25,,101.85,,,,,,Mainly Clear
3/24/2012 2:00,2012,3,24,2:00,6.2,,-10.6,,29,,5,,19,,25,,101.86,,,,,,Mostly Cloudy
3/24/2012 3:00,2012,3,24,3:00,5.3,,-9.4,,34,,6,,22,,25,,101.86,,,,,,Mostly Cloudy
3/24/2012 4:00,2012,3,24,4:00,4.4,,-8.9,,37,,7,,13,,25,,101.88,,,,,,Cloudy
3/24/2012 5:00,2012,3,24,5:00,3.6,,-8.5,,41,,8,,19,,25,,101.89,,,,,,Cloudy
3/24/2012 6:00,2012,3,24,6:00,3.2,,-8.8,,41,,6,,19,,24.1,,101.93,,,,,,Cloudy
3/24/2012 7:00,2012,3,24,7:00,3.1,,-9.3,,40,,8,,15,,24.1,,101.97,,,,,,Cloudy
3/24/2012 8:00,2012,3,24,8:00,2.7,,-9.4,,40,,8,,19,,24.1,,101.98,,,,,,Cloudy
3/24/2012 9:00,2012,3,24,9:00,3,,-11.2,,34,,7,,22,,48.3,,101.94,,,,,,Cloudy
3/24/2012 10:00,2012,3,24,10:00,3.7,,-9.5,,37,,4,,22,,48.3,,101.89,,,,,,Cloudy
3/24/2012 11:00,2012,3,24,11:00,3.7,,-11.1,,33,,5,,22,,48.3,,101.86,,,,,,Cloudy
3/24/2012 12:00,2012,3,24,12:00,4.8,,-10.3,,33,,7,,19,,48.3,,101.8,,,,,,Cloudy
3/24/2012 13:00,2012,3,24,13:00,4.7,,-10.9,,31,,4,,19,,48.3,,101.74,,,,,,Cloudy
3/24/2012 14:00,2012,3,24,14:00,6.1,,-8.7,,34,,7,,9,,48.3,,101.68,,,,,,Cloudy
3/24/2012 15:00,2012,3,24,15:00,5.8,,-9.8,,32,,7,,4,,48.3,,101.61,,,,,,Cloudy
3/24/2012 16:00,2012,3,24,16:00,6.1,,-9.5,,32,,3,,7,,48.3,,101.53,,,,,,Cloudy
3/24/2012 17:00,2012,3,24,17:00,6.1,,-10.3,,30,,5,,13,,48.3,,101.47,,,,,,Cloudy
3/24/2012 18:00,2012,3,24,18:00,6.1,,-9.9,,31,,5,,13,,48.3,,101.46,,,,,,Cloudy
3/24/2012 19:00,2012,3,24,19:00,6.2,,-8.4,,34,,5,,13,,25,,101.38,,,,,,Cloudy
3/24/2012 20:00,2012,3,24,20:00,6.3,,-7.4,,37,,8,,9,,25,,101.35,,,,,,Cloudy
3/24/2012 21:00,2012,3,24,21:00,6.6,,-8.1,,34,,9,,9,,25,,101.28,,,,,,Cloudy
3/24/2012 22:00,2012,3,24,22:00,6.6,,-7.8,,35,,4,,11,,25,,101.22,,,,,,Cloudy
3/24/2012 23:00,2012,3,24,23:00,6.5,,-7.2,,37,,5,,7,,25,,101.15,,,,,,Rain Showers
3/25/2012 0:00,2012,3,25,0:00,5.8,,-5.7,,43,,5,,20,,25,,101.05,,,,,,Rain
3/25/2012 1:00,2012,3,25,1:00,5.9,,-6.2,,41,,6,,13,,25,,101.03,,,,,,Cloudy
3/25/2012 2:00,2012,3,25,2:00,5.9,,-5,,45,,5,,9,,25,,100.91,,,,,,Rain Showers
3/25/2012 3:00,2012,3,25,3:00,5.8,,-4.2,,49,,3,,7,,25,,100.84,,,,,,Cloudy
3/25/2012 4:00,2012,3,25,4:00,5.3,,-4.3,,50,,2,,19,,25,,100.79,,,,,,Cloudy
3/25/2012 5:00,2012,3,25,5:00,4.5,,-2.9,,59,,4,,11,,25,,100.73,,,,,,Cloudy
3/25/2012 6:00,2012,3,25,6:00,3.8,,-0.9,,71,,2,,15,,24.1,,100.76,,,,,,Rain Showers
3/25/2012 7:00,2012,3,25,7:00,2.5,,0.9,,89,,3,,17,,24.1,,100.76,,,,,,Rain
3/25/2012 8:00,2012,3,25,8:00,3,,1.5,,90,,3,,6,,24.1,,100.74,,,,,,Rain
3/25/2012 9:00,2012,3,25,9:00,3.1,,2,,92,,,,0,,6.4,,100.71,,,,,,"Rain,Fog"
3/25/2012 10:00,2012,3,25,10:00,3.9,,2.7,,92,,,,0,,12.9,,100.66,,,,,,Cloudy
3/25/2012 11:00,2012,3,25,11:00,5.2,,3.6,,89,,23,,6,,16.1,,100.58,,,,,,Cloudy
3/25/2012 12:00,2012,3,25,12:00,5.9,,3.7,,86,,26,,6,,24.1,,100.54,,,,,,Cloudy
3/25/2012 13:00,2012,3,25,13:00,6.6,,4,,83,,25,,6,,24.1,,100.47,,,,,,Cloudy
3/25/2012 14:00,2012,3,25,14:00,7.5,,4.1,,79,,23,,11,,24.1,,100.39,,,,,,Cloudy
3/25/2012 15:00,2012,3,25,15:00,7.6,,4.6,,81,,22,,9,,24.1,,100.29,,,,,,Mostly Cloudy
3/25/2012 16:00,2012,3,25,16:00,8.4,,4.8,,78,,20,,9,,24.1,,100.27,,,,,,Cloudy
3/25/2012 17:00,2012,3,25,17:00,9.2,,5.3,,77,,23,,7,,24.1,,100.26,,,,,,Cloudy
3/25/2012 18:00,2012,3,25,18:00,8.9,,5.7,,80,,27,,7,,24.1,,100.28,,,,,,Mostly Cloudy
3/25/2012 19:00,2012,3,25,19:00,8.7,,5.2,,79,,25,,4,,25,,100.25,,,,,,Mainly Clear
3/25/2012 20:00,2012,3,25,20:00,7.3,,4.9,,85,,19,,7,,25,,100.22,,,,,,Mostly Cloudy
3/25/2012 21:00,2012,3,25,21:00,8.2,,5.7,,84,,22,,13,,25,,100.21,,,,,,Mainly Clear
3/25/2012 22:00,2012,3,25,22:00,7.5,,5.5,,87,,23,,11,,25,,100.17,,,,,,Mainly Clear
3/25/2012 23:00,2012,3,25,23:00,6.4,,4.8,,89,,27,,11,,25,,100.12,,,,,,Mostly Cloudy
3/26/2012 0:00,2012,3,26,0:00,7.3,,3.7,,78,,32,,24,,25,,100.19,,,,,,Rain Showers
3/26/2012 1:00,2012,3,26,1:00,4.6,,-1.9,,63,,32,,33,,25,,100.29,,,,,,Rain Showers
3/26/2012 2:00,2012,3,26,2:00,2.6,,-3.7,,63,,32,,26,,25,,100.4,,,,,,Cloudy
3/26/2012 3:00,2012,3,26,3:00,0.8,,-8.9,,48,,34,,26,,25,,100.6,,,,,,Mostly Cloudy
3/26/2012 4:00,2012,3,26,4:00,-1.1,,-10.4,,49,,34,,22,,25,,100.74,,,,-7,,Clear
3/26/2012 5:00,2012,3,26,5:00,-1.9,,-10.9,,50,,32,,20,,25,,100.86,,,,-8,,Clear
3/26/2012 6:00,2012,3,26,6:00,-3.8,,-13.4,,47,,32,,32,,24.1,,101.03,,,,-12,,Clear
3/26/2012 7:00,2012,3,26,7:00,-3.8,,-13.6,,46,,31,,26,,48.3,,101.19,,,,-11,,Mainly Clear
3/26/2012 8:00,2012,3,26,8:00,-4,,-12.6,,51,,32,,26,,48.3,,101.27,,,,-11,,Mostly Cloudy
3/26/2012 9:00,2012,3,26,9:00,-3,,-13.1,,46,,31,,22,,48.3,,101.33,,,,-9,,Mainly Clear
3/26/2012 10:00,2012,3,26,10:00,-2.1,,-13,,43,,34,,26,,48.3,,101.32,,,,-9,,Mainly Clear
3/26/2012 11:00,2012,3,26,11:00,-0.6,,-11.4,,44,,31,,28,,48.3,,101.3,,,,-7,,Mainly Clear
3/26/2012 12:00,2012,3,26,12:00,0.2,,-11.4,,41,,28,,30,,48.3,,101.28,,,,,,Mainly Clear
3/26/2012 13:00,2012,3,26,13:00,0.6,,-12.6,,36,,30,,28,,48.3,,101.26,,,,,,Mainly Clear
3/26/2012 14:00,2012,3,26,14:00,1.3,,-13.3,,33,,31,,28,,48.3,,101.24,,,,,,Mainly Clear
3/26/2012 15:00,2012,3,26,15:00,1.4,,-14.8,,29,,34,,30,,48.3,,101.26,,,,,,Mainly Clear
3/26/2012 16:00,2012,3,26,16:00,1.3,,-15.7,,27,,33,,30,,48.3,,101.29,,,,,,Clear
3/26/2012 17:00,2012,3,26,17:00,1.2,,-16.3,,26,,31,,32,,48.3,,101.34,,,,,,Clear
3/26/2012 18:00,2012,3,26,18:00,0.1,,-17.3,,26,,33,,24,,48.3,,101.43,,,,,,Clear
3/26/2012 19:00,2012,3,26,19:00,-0.7,,-18,,26,,34,,28,,25,,101.56,,,,-7,,Clear
3/26/2012 20:00,2012,3,26,20:00,-1.4,,-18.7,,25,,34,,28,,25,,101.68,,,,-8,,Clear
3/26/2012 21:00,2012,3,26,21:00,-2.3,,-18.4,,28,,33,,24,,25,,101.79,,,,-9,,Clear
3/26/2012 22:00,2012,3,26,22:00,-2.9,,-17.8,,31,,35,,28,,25,,101.84,,,,-10,,Clear
3/26/2012 23:00,2012,3,26,23:00,-3.6,,-17.4,,33,,34,,26,,25,,101.9,,,,-11,,Clear
3/27/2012 0:00,2012,3,27,0:00,-4.3,,-17.6,,35,,33,,22,,25,,101.94,,,,-11,,Clear
3/27/2012 1:00,2012,3,27,1:00,-5,,-17.7,,36,,33,,19,,25,,101.96,,,,-11,,Clear
3/27/2012 2:00,2012,3,27,2:00,-5.4,,-16.8,,40,,34,,17,,25,,102.02,,,,-11,,Clear
3/27/2012 3:00,2012,3,27,3:00,-6,,-17,,41,,33,,17,,25,,102.06,,,,-12,,Clear
3/27/2012 4:00,2012,3,27,4:00,-6.5,,-17.3,,42,,32,,13,,25,,102.14,,,,-12,,Clear
3/27/2012 5:00,2012,3,27,5:00,-7.4,,-16.4,,49,,32,,11,,25,,102.24,,,,-12,,Clear
3/27/2012 6:00,2012,3,27,6:00,-7.5,,-16.4,,49,,32,,9,,48.3,,102.31,,,,-12,,Clear
3/27/2012 7:00,2012,3,27,7:00,-6.1,,-17.7,,39,,30,,9,,48.3,,102.39,,,,-10,,Clear
3/27/2012 8:00,2012,3,27,8:00,-5.1,,-18.7,,34,,36,,13,,48.3,,102.41,,,,-10,,Clear
3/27/2012 9:00,2012,3,27,9:00,-4.3,,-20.3,,27,,34,,9,,48.3,,102.44,,,,-8,,Clear
3/27/2012 10:00,2012,3,27,10:00,-2.5,,-21.7,,21,,,,0,,48.3,,102.48,,,,,,Clear
3/27/2012 11:00,2012,3,27,11:00,-1.6,,-20.6,,22,,28,,6,,48.3,,102.43,,,,-4,,Clear
3/27/2012 12:00,2012,3,27,12:00,0.2,,-16.7,,27,,21,,9,,48.3,,102.31,,,,,,Clear
3/27/2012 13:00,2012,3,27,13:00,1,,-16.1,,27,,27,,6,,48.3,,102.2,,,,,,Mainly Clear
3/27/2012 14:00,2012,3,27,14:00,1.7,,-18.4,,21,,30,,13,,48.3,,102.06,,,,,,Mainly Clear
3/27/2012 15:00,2012,3,27,15:00,2.1,,-16.5,,24,,21,,15,,48.3,,101.98,,,,,,Mainly Clear
3/27/2012 16:00,2012,3,27,16:00,2.7,,-13,,30,,21,,17,,48.3,,101.93,,,,,,Mostly Cloudy
3/27/2012 17:00,2012,3,27,17:00,2.7,,-12.3,,32,,22,,19,,48.3,,101.88,,,,,,Mostly Cloudy
3/27/2012 18:00,2012,3,27,18:00,2.6,,-11.9,,33,,21,,15,,48.3,,101.79,,,,,,Mostly Cloudy
3/27/2012 19:00,2012,3,27,19:00,2.8,,-11.7,,33,,22,,11,,25,,101.74,,,,,,Mostly Cloudy
3/27/2012 20:00,2012,3,27,20:00,2.6,,-11.4,,35,,18,,13,,25,,101.68,,,,,,Cloudy
3/27/2012 21:00,2012,3,27,21:00,2.1,,-10.7,,38,,17,,9,,25,,101.67,,,,,,Cloudy
3/27/2012 22:00,2012,3,27,22:00,1,,-10.1,,43,,16,,20,,25,,101.47,,,,,,Cloudy
3/27/2012 23:00,2012,3,27,23:00,1,,-10.8,,41,,16,,13,,25,,101.44,,,,,,Cloudy
3/28/2012 0:00,2012,3,28,0:00,1,,-10.8,,41,,28,,6,,16.1,,101.58,,,,,,Snow
3/28/2012 1:00,2012,3,28,1:00,-1.1,,-4.5,,78,,11,,11,,16.1,,101.39,,,,-5,,Snow
3/28/2012 2:00,2012,3,28,2:00,-1,,-4.8,,75,,10,,13,,9.7,,101.28,,,,-5,,Snow
3/28/2012 3:00,2012,3,28,3:00,-1.6,,-4.1,,83,,12,,20,,25,,101.08,,,,-7,,Snow
3/28/2012 4:00,2012,3,28,4:00,-1.5,,-3.8,,84,,14,,20,,25,,100.88,,,,-7,,Snow
3/28/2012 5:00,2012,3,28,5:00,-1,,-3.9,,81,,12,,19,,25,,100.68,,,,-6,,Cloudy
3/28/2012 6:00,2012,3,28,6:00,-0.3,,-3.5,,79,,12,,20,,24.1,,100.51,,,,-6,,Snow
3/28/2012 7:00,2012,3,28,7:00,0.5,,-2.7,,79,,14,,22,,24.1,,100.4,,,,,,Snow
3/28/2012 8:00,2012,3,28,8:00,0.8,,-2.9,,76,,12,,19,,8,,100.25,,,,,,"Snow,Ice Pellets"
3/28/2012 9:00,2012,3,28,9:00,2.1,,-3.3,,67,,14,,15,,48.3,,100.08,,,,,,Cloudy
3/28/2012 10:00,2012,3,28,10:00,2.3,,-3.3,,66,,13,,11,,48.3,,99.94,,,,,,Cloudy
3/28/2012 11:00,2012,3,28,11:00,2.8,,-2.1,,70,,13,,13,,48.3,,99.74,,,,,,Cloudy
3/28/2012 12:00,2012,3,28,12:00,3.8,,-3.2,,60,,9,,7,,48.3,,99.64,,,,,,Cloudy
3/28/2012 13:00,2012,3,28,13:00,4.3,,-2.9,,59,,12,,9,,48.3,,99.51,,,,,,Cloudy
3/28/2012 14:00,2012,3,28,14:00,4.4,,-1.2,,67,,5,,13,,24.1,,99.45,,,,,,Rain
3/28/2012 15:00,2012,3,28,15:00,2.5,,0.6,,87,,4,,19,,19.3,,99.42,,,,,,Rain
3/28/2012 16:00,2012,3,28,16:00,2.2,,0.7,,90,,36,,20,,12.9,,99.48,,,,,,Rain
3/28/2012 17:00,2012,3,28,17:00,1.5,,0.2,,91,,2,,19,,16.1,,99.53,,,,,,Drizzle
3/28/2012 18:00,2012,3,28,18:00,1.3,,-0.2,,90,,36,,13,,16.1,,99.63,,,,,,Drizzle
3/28/2012 19:00,2012,3,28,19:00,1.3,,-0.2,,90,,35,,11,,12.9,,99.74,,,,,,Cloudy
3/28/2012 20:00,2012,3,28,20:00,1.2,,-0.3,,90,,36,,13,,9.7,,99.86,,,,,,Fog
3/28/2012 21:00,2012,3,28,21:00,1,,-0.5,,90,,36,,15,,9.7,,99.92,,,,,,Fog
3/28/2012 22:00,2012,3,28,22:00,1,,-0.7,,88,,1,,13,,9.7,,99.95,,,,,,Fog
3/28/2012 23:00,2012,3,28,23:00,0.8,,-1,,88,,36,,17,,11.3,,99.99,,,,,,Cloudy
3/29/2012 0:00,2012,3,29,0:00,0.6,,-1.2,,88,,35,,15,,12.9,,100.05,,,,,,Cloudy
3/29/2012 1:00,2012,3,29,1:00,0.5,,-1.5,,86,,36,,11,,12.9,,100.12,,,,,,Cloudy
3/29/2012 2:00,2012,3,29,2:00,0.4,,-1.8,,85,,1,,17,,25,,100.15,,,,,,Cloudy
3/29/2012 3:00,2012,3,29,3:00,0.5,,-1.9,,84,,2,,11,,25,,100.19,,,,,,Cloudy
3/29/2012 4:00,2012,3,29,4:00,0.6,,-2.1,,82,,1,,11,,25,,100.27,,,,,,Cloudy
3/29/2012 5:00,2012,3,29,5:00,0.6,,-2.1,,82,,36,,9,,25,,100.35,,,,,,Snow
3/29/2012 6:00,2012,3,29,6:00,0.7,,-1.9,,83,,34,,6,,24.1,,100.44,,,,,,Snow
3/29/2012 7:00,2012,3,29,7:00,0.8,,-1.6,,84,,33,,7,,24.1,,100.52,,,,,,Snow
3/29/2012 8:00,2012,3,29,8:00,1.5,,-1.1,,83,,30,,6,,16.1,,100.59,,,,,,Snow
3/29/2012 9:00,2012,3,29,9:00,2.5,,-1.2,,77,,36,,9,E,24.1,,100.64,,,,,,Snow
3/29/2012 10:00,2012,3,29,10:00,3.2,,-2.4,,67,,36,,13,E,24.1,,100.7,,,,,,Cloudy
3/29/2012 11:00,2012,3,29,11:00,3.6,,-2.2,,66,,34,,9,,24.1,,100.71,,,,,,Cloudy
3/29/2012 12:00,2012,3,29,12:00,3.9,,-2.2,,64,,33,,6,,24.1,,100.71,,,,,,Cloudy
3/29/2012 13:00,2012,3,29,13:00,4.2,,-2.5,,62,,32,,13,,24.1,,100.72,,,,,,Cloudy
3/29/2012 14:00,2012,3,29,14:00,4,,-2.8,,61,,32,,15,,24.1,,100.76,,,,,,Cloudy
3/29/2012 15:00,2012,3,29,15:00,4.1,,-3.5,,58,,31,,19,,24.1,,100.81,,,,,,Cloudy
3/29/2012 16:00,2012,3,29,16:00,3.9,,-2.8,,62,,32,,13,,24.1,,100.87,,,,,,Cloudy
3/29/2012 17:00,2012,3,29,17:00,3.5,,-4.1,,57,,34,,24,,24.1,,100.92,,,,,,Cloudy
3/29/2012 18:00,2012,3,29,18:00,3.4,,-5.6,,52,,33,,20,,24.1,,100.97,,,,,,Mostly Cloudy
3/29/2012 19:00,2012,3,29,19:00,2.9,,-5.6,,54,,31,,19,,25,,101.01,,,,,,Cloudy
3/29/2012 20:00,2012,3,29,20:00,2.2,,-4.7,,60,,31,,19,,25,,101.07,,,,,,Cloudy
3/29/2012 21:00,2012,3,29,21:00,1.9,,-6.3,,55,,31,,24,,25,,101.11,,,,,,Mostly Cloudy
3/29/2012 22:00,2012,3,29,22:00,1.4,,-7.4,,52,,33,,17,,25,,101.14,,,,,,Mostly Cloudy
3/29/2012 23:00,2012,3,29,23:00,0.8,,-8.2,,51,,30,,24,,25,,101.17,,,,,,Mostly Cloudy
3/30/2012 0:00,2012,3,30,0:00,0.1,,-9.1,,50,,34,,19,,25,,101.18,,,,,,Mostly Cloudy
3/30/2012 1:00,2012,3,30,1:00,-1,,-9.8,,51,,30,,20,,25,,101.21,,,,-7,,Mainly Clear
3/30/2012 2:00,2012,3,30,2:00,-2.2,,-9.7,,56,,34,,15,,25,,101.22,,,,-7,,Clear
3/30/2012 3:00,2012,3,30,3:00,-3.5,,-11.4,,54,,33,,19,,25,,101.25,,,,-9,,Mainly Clear
3/30/2012 4:00,2012,3,30,4:00,-4.3,,-10.8,,60,,1,,4,,25,,101.33,,,,-6,,Mainly Clear
3/30/2012 5:00,2012,3,30,5:00,-5.1,,-10.4,,66,,31,,11,,24.1,,101.32,,,,-10,,Clear
3/30/2012 6:00,2012,3,30,6:00,-4.8,,-10.8,,63,,32,,13,,48.3,,101.39,,,,-10,,Clear
3/30/2012 7:00,2012,3,30,7:00,-4.3,,-10.9,,60,,32,,15,,48.3,,101.52,,,,-10,,Clear
3/30/2012 8:00,2012,3,30,8:00,-3,,-10.4,,57,,30,,11,,48.3,,101.56,,,,-7,,Clear
3/30/2012 9:00,2012,3,30,9:00,-2,,-10.1,,54,,32,,13,,48.3,,101.63,,,,-6,,Clear
3/30/2012 10:00,2012,3,30,10:00,-0.8,,-9.5,,52,,33,,9,,48.3,,101.62,,,,-4,,Clear
3/30/2012 11:00,2012,3,30,11:00,0.9,,-9.6,,45,,7,,4,,48.3,,101.57,,,,,,Mostly Cloudy
3/30/2012 12:00,2012,3,30,12:00,1.6,,-8,,49,,19,,17,,48.3,,101.52,,,,,,Mainly Clear
3/30/2012 13:00,2012,3,30,13:00,3.1,,-9.1,,40,,23,,6,,48.3,,101.38,,,,,,Mainly Clear
3/30/2012 14:00,2012,3,30,14:00,4.4,,-8.8,,38,,22,,17,,48.3,,101.3,,,,,,Mainly Clear
3/30/2012 15:00,2012,3,30,15:00,4.8,,-8.9,,36,,20,,17,,48.3,,101.26,,,,,,Mostly Cloudy
3/30/2012 16:00,2012,3,30,16:00,4.8,,-9.3,,35,,21,,15,,48.3,,101.26,,,,,,Mostly Cloudy
3/30/2012 17:00,2012,3,30,17:00,4.4,,-8.6,,38,,19,,15,,48.3,,101.24,,,,,,Mostly Cloudy
3/30/2012 18:00,2012,3,30,18:00,3.9,,-7.9,,42,,21,,11,,24.1,,101.26,,,,,,Mostly Cloudy
3/30/2012 19:00,2012,3,30,19:00,3.1,,-6.7,,49,,22,,7,,25,,101.29,,,,,,Mostly Cloudy
3/30/2012 20:00,2012,3,30,20:00,3,,-8.4,,43,,25,,7,,25,,101.3,,,,,,Mostly Cloudy
3/30/2012 21:00,2012,3,30,21:00,1.7,,-9,,45,,19,,4,,25,,101.32,,,,,,Cloudy
3/30/2012 22:00,2012,3,30,22:00,0.4,,-8.1,,53,,,,0,,25,,101.3,,,,,,Mostly Cloudy
3/30/2012 23:00,2012,3,30,23:00,1.4,,-7.7,,51,,4,,6,,25,,101.34,,,,,,Mainly Clear
3/31/2012 0:00,2012,3,31,0:00,1.5,,-8.6,,47,,5,,13,,25,,101.33,,,,,,Mostly Cloudy
3/31/2012 1:00,2012,3,31,1:00,1.3,,-9.6,,44,,6,,13,,25,,101.31,,,,,,Mostly Cloudy
3/31/2012 2:00,2012,3,31,2:00,1.3,,-9.7,,44,,5,,11,,25,,101.29,,,,,,Cloudy
3/31/2012 3:00,2012,3,31,3:00,0.7,,-8.8,,49,,3,,13,,25,,101.3,,,,,,Cloudy
3/31/2012 4:00,2012,3,31,4:00,-0.9,,-8.5,,56,,3,,13,,25,,101.32,,,,-5,,Cloudy
3/31/2012 5:00,2012,3,31,5:00,-0.6,,-9.2,,52,,3,,13,,25,,101.3,,,,-5,,Cloudy
3/31/2012 6:00,2012,3,31,6:00,-0.5,,-9.2,,52,,4,,15,,48.3,,101.32,,,,-5,,Cloudy
3/31/2012 7:00,2012,3,31,7:00,-0.3,,-9.2,,51,,3,,19,,48.3,,101.32,,,,-5,,Cloudy
3/31/2012 8:00,2012,3,31,8:00,0.7,,-8.5,,50,,3,,17,,48.3,,101.33,,,,,,Cloudy
3/31/2012 9:00,2012,3,31,9:00,1.5,,-7.8,,50,,4,,17,,48.3,,101.34,,,,,,Mostly Cloudy
3/31/2012 10:00,2012,3,31,10:00,2.9,,-8.1,,44,,4,,15,,48.3,,101.3,,,,,,Mainly Clear
3/31/2012 11:00,2012,3,31,11:00,4.6,,-9.7,,35,,6,,7,,48.3,,101.24,,,,,,Clear
3/31/2012 12:00,2012,3,31,12:00,6.4,,-7.1,,37,,7,,11,,48.3,,101.16,,,,,,Clear
3/31/2012 13:00,2012,3,31,13:00,6.5,,-9.7,,30,,7,,9,,48.3,,101.08,,,,,,Clear
3/31/2012 14:00,2012,3,31,14:00,7.7,,-8.5,,31,,4,,4,,48.3,,101.01,,,,,,Mainly Clear
3/31/2012 15:00,2012,3,31,15:00,7.7,,-8.6,,30,,11,,6,,48.3,,100.94,,,,,,Mainly Clear
3/31/2012 16:00,2012,3,31,16:00,8.4,,-7.7,,31,,4,,4,,48.3,,100.89,,,,,,Mainly Clear
3/31/2012 17:00,2012,3,31,17:00,7.9,,-8.1,,31,,24,,6,,48.3,,100.88,,,,,,Mainly Clear
3/31/2012 18:00,2012,3,31,18:00,7,,-8.2,,33,,25,,7,,48.3,,100.87,,,,,,Mainly Clear
3/31/2012 19:00,2012,3,31,19:00,5.9,,-8,,36,,17,,4,,25,,100.88,,,,,,Clear
3/31/2012 20:00,2012,3,31,20:00,4.4,,-7.2,,43,,16,,9,,25,,100.85,,,,,,Clear
3/31/2012 21:00,2012,3,31,21:00,2.6,,-6.3,,52,,24,,7,,25,,100.86,,,,,,Clear
3/31/2012 22:00,2012,3,31,22:00,2.7,,-6.7,,50,,,,0,,25,,100.82,,,,,,Clear
3/31/2012 23:00,2012,3,31,23:00,1.5,,-6.9,,54,,,,0,,25,,100.79,,,,,,Clear
